"game_str","play_id","at_bat","play_per_game","timestamp","player_position","event_code"
"1884_083_Vis2AO_Home2A",1,1,1,1263,1,1
"1884_083_Vis2AO_Home2A",1,1,1,1725,0,5
"1884_083_Vis2AO_Home2A",1,1,1,1725,2,2
"1884_083_Vis2AO_Home2A",2,1,2,15420,1,1
"1884_083_Vis2AO_Home2A",2,1,2,15849,10,4
"1884_083_Vis2AO_Home2A",2,1,2,15948,0,5
"1884_083_Vis2AO_Home2A",3,1,3,33009,1,1
"1884_083_Vis2AO_Home2A",3,1,3,33471,2,2
"1884_083_Vis2AO_Home2A",3,1,3,33471,0,5
"1884_083_Vis2AO_Home2A",4,1,4,47991,1,1
"1884_083_Vis2AO_Home2A",4,1,4,48387,10,4
"1884_083_Vis2AO_Home2A",4,1,4,48519,0,5
"1884_083_Vis2AO_Home2A",5,1,5,65877,1,1
"1884_083_Vis2AO_Home2A",5,1,5,66438,0,5
"1884_083_Vis2AO_Home2A",5,1,5,66438,2,2
"1884_083_Vis2AO_Home2A",6,1,6,83103,1,1
"1884_083_Vis2AO_Home2A",6,1,6,83565,2,2
"1884_083_Vis2AO_Home2A",6,1,6,83565,0,5
"1884_083_Vis2AO_Home2A",7,2,7,110526,1,1
"1884_083_Vis2AO_Home2A",7,2,7,110955,2,2
"1884_083_Vis2AO_Home2A",7,2,7,110955,0,5
"1884_083_Vis2AO_Home2A",8,2,8,124749,1,1
"1884_083_Vis2AO_Home2A",8,2,8,125244,0,5
"1884_083_Vis2AO_Home2A",8,2,8,125244,2,2
"1884_083_Vis2AO_Home2A",9,2,9,141546,1,1
"1884_083_Vis2AO_Home2A",9,2,9,142008,2,2
"1884_083_Vis2AO_Home2A",9,2,9,142008,0,5
"1884_083_Vis2AO_Home2A",10,2,10,164943,1,1
"1884_083_Vis2AO_Home2A",10,2,10,165471,2,2
"1884_083_Vis2AO_Home2A",10,2,10,165471,0,5
"1884_083_Vis2AO_Home2A",11,2,11,181971,1,1
"1884_083_Vis2AO_Home2A",11,2,11,182367,10,4
"1884_083_Vis2AO_Home2A",11,2,11,182433,255,16
"1884_083_Vis2AO_Home2A",11,2,11,184083,255,16
"1884_083_Vis2AO_Home2A",11,2,11,184677,4,2
"1884_083_Vis2AO_Home2A",11,2,11,185535,4,3
"1884_083_Vis2AO_Home2A",11,2,11,186393,3,2
"1884_083_Vis2AO_Home2A",11,2,11,186492,0,5
"1884_083_Vis2AO_Home2A",12,3,12,212100,1,1
"1884_083_Vis2AO_Home2A",12,3,12,212496,10,4
"1884_083_Vis2AO_Home2A",12,3,12,216093,8,2
"1884_083_Vis2AO_Home2A",12,3,12,216159,0,5
"1884_083_Vis2AO_Home2A",13,4,13,356871,1,1
"1884_083_Vis2AO_Home2A",13,4,13,357333,0,5
"1884_083_Vis2AO_Home2A",13,4,13,357333,2,2
"1884_083_Vis2AO_Home2A",14,4,14,368487,1,1
"1884_083_Vis2AO_Home2A",14,4,14,368949,2,2
"1884_083_Vis2AO_Home2A",14,4,14,368949,0,5
"1884_083_Vis2AO_Home2A",15,4,15,379971,1,1
"1884_083_Vis2AO_Home2A",15,4,15,380532,0,5
"1884_083_Vis2AO_Home2A",15,4,15,380532,2,2
"1884_083_Vis2AO_Home2A",16,4,16,395118,1,1
"1884_083_Vis2AO_Home2A",16,4,16,395580,0,5
"1884_083_Vis2AO_Home2A",16,4,16,395580,2,2
"1884_083_Vis2AO_Home2A",17,4,17,406668,1,1
"1884_083_Vis2AO_Home2A",17,4,17,407130,2,2
"1884_083_Vis2AO_Home2A",17,4,17,407130,0,5
"1884_083_Vis2AO_Home2A",18,4,18,422112,1,1
"1884_083_Vis2AO_Home2A",18,4,18,422508,10,4
"1884_083_Vis2AO_Home2A",18,4,18,422838,0,5
"1884_083_Vis2AO_Home2A",19,4,19,451548,1,1
"1884_083_Vis2AO_Home2A",19,4,19,451944,10,4
"1884_083_Vis2AO_Home2A",19,4,19,452010,0,5
"1884_083_Vis2AO_Home2A",20,4,20,468543,1,1
"1884_083_Vis2AO_Home2A",20,4,20,468939,10,4
"1884_083_Vis2AO_Home2A",20,4,20,469599,0,5
"1884_083_Vis2AO_Home2A",21,4,21,521574,1,1
"1884_083_Vis2AO_Home2A",21,4,21,521970,10,4
"1884_083_Vis2AO_Home2A",21,4,21,522036,0,5
"1884_083_Vis2AO_Home2A",22,4,22,539592,1,1
"1884_083_Vis2AO_Home2A",22,4,22,540054,0,5
"1884_083_Vis2AO_Home2A",22,4,22,540054,2,2
"1884_083_Vis2AO_Home2A",23,5,23,568830,1,1
"1884_083_Vis2AO_Home2A",23,5,23,569292,2,2
"1884_083_Vis2AO_Home2A",23,5,23,569292,0,5
"1884_083_Vis2AO_Home2A",24,5,24,579753,1,1
"1884_083_Vis2AO_Home2A",24,5,24,580248,2,2
"1884_083_Vis2AO_Home2A",24,5,24,580248,0,5
"1884_083_Vis2AO_Home2A",25,5,25,592887,1,1
"1884_083_Vis2AO_Home2A",25,5,25,593349,0,5
"1884_083_Vis2AO_Home2A",25,5,25,593349,2,2
"1884_083_Vis2AO_Home2A",26,5,26,605592,1,1
"1884_083_Vis2AO_Home2A",26,5,26,606054,2,2
"1884_083_Vis2AO_Home2A",26,5,26,606054,0,5
"1884_083_Vis2AO_Home2A",27,5,27,619881,1,1
"1884_083_Vis2AO_Home2A",27,5,27,620376,2,2
"1884_083_Vis2AO_Home2A",27,5,27,620376,0,5
"1884_083_Vis2AO_Home2A",28,5,28,636447,1,1
"1884_083_Vis2AO_Home2A",28,5,28,636876,10,4
"1884_083_Vis2AO_Home2A",28,5,28,642420,7,2
"1884_083_Vis2AO_Home2A",28,5,28,642750,0,5
"1884_083_Vis2AO_Home2A",29,6,29,671229,1,1
"1884_083_Vis2AO_Home2A",29,6,29,671691,2,2
"1884_083_Vis2AO_Home2A",29,6,29,671691,0,5
"1884_083_Vis2AO_Home2A",30,6,30,682680,1,1
"1884_083_Vis2AO_Home2A",30,6,30,683142,0,5
"1884_083_Vis2AO_Home2A",30,6,30,683142,2,2
"1884_083_Vis2AO_Home2A",31,6,31,697827,1,1
"1884_083_Vis2AO_Home2A",31,6,31,698223,10,4
"1884_083_Vis2AO_Home2A",31,6,31,698289,0,5
"1884_083_Vis2AO_Home2A",32,6,32,713601,1,1
"1884_083_Vis2AO_Home2A",32,6,32,714030,10,4
"1884_083_Vis2AO_Home2A",32,6,32,717594,255,16
"1884_083_Vis2AO_Home2A",32,6,32,718254,8,2
"1884_083_Vis2AO_Home2A",32,6,32,719376,8,3
"1884_083_Vis2AO_Home2A",32,6,32,720828,4,2
"1884_083_Vis2AO_Home2A",32,6,32,721554,0,5
"1884_083_Vis2AO_Home2A",33,7,33,749142,1,1
"1884_083_Vis2AO_Home2A",33,7,33,749604,10,4
"1884_083_Vis2AO_Home2A",33,7,33,749703,0,5
"1884_083_Vis2AO_Home2A",34,7,34,766863,1,1
"1884_083_Vis2AO_Home2A",34,7,34,767325,0,5
"1884_083_Vis2AO_Home2A",34,7,34,767325,2,2
"1884_083_Vis2AO_Home2A",35,7,35,783264,1,1
"1884_083_Vis2AO_Home2A",35,7,35,783660,10,4
"1884_083_Vis2AO_Home2A",35,7,35,783759,0,5
"1884_083_Vis2AO_Home2A",36,7,36,807519,1,1
"1884_083_Vis2AO_Home2A",36,7,36,808047,2,2
"1884_083_Vis2AO_Home2A",36,7,36,808047,0,5
"1884_083_Vis2AO_Home2A",37,8,37,958396,1,1
"1884_083_Vis2AO_Home2A",37,8,37,958792,10,4
"1884_083_Vis2AO_Home2A",37,8,37,958891,0,5
"1884_083_Vis2AO_Home2A",38,8,38,974500,1,1
"1884_083_Vis2AO_Home2A",38,8,38,975061,0,5
"1884_083_Vis2AO_Home2A",38,8,38,975061,2,2
"1884_083_Vis2AO_Home2A",39,8,39,989284,1,1
"1884_083_Vis2AO_Home2A",39,8,39,989713,2,2
"1884_083_Vis2AO_Home2A",39,8,39,989713,0,5
"1884_083_Vis2AO_Home2A",40,8,41,1023208,1,1
"1884_083_Vis2AO_Home2A",40,8,41,1023604,10,4
"1884_083_Vis2AO_Home2A",40,8,41,1023736,0,5
"1884_083_Vis2AO_Home2A",41,8,42,1046374,1,1
"1884_083_Vis2AO_Home2A",41,8,42,1046836,2,2
"1884_083_Vis2AO_Home2A",41,8,42,1046836,0,5
"1884_083_Vis2AO_Home2A",42,8,43,1063039,1,1
"1884_083_Vis2AO_Home2A",42,8,43,1063435,10,4
"1884_083_Vis2AO_Home2A",42,8,43,1063534,0,5
"1884_083_Vis2AO_Home2A",43,8,44,1084093,1,1
"1884_083_Vis2AO_Home2A",43,8,44,1084555,0,5
"1884_083_Vis2AO_Home2A",43,8,44,1084555,2,2
"1884_083_Vis2AO_Home2A",44,9,45,1111384,1,6
"1884_083_Vis2AO_Home2A",44,9,45,1111945,3,2
"1884_083_Vis2AO_Home2A",44,9,45,1112110,0,5
"1884_083_Vis2AO_Home2A",45,9,46,1127059,1,1
"1884_083_Vis2AO_Home2A",45,9,46,1127521,2,2
"1884_083_Vis2AO_Home2A",45,9,46,1127521,0,5
"1884_083_Vis2AO_Home2A",46,9,47,1144648,1,6
"1884_083_Vis2AO_Home2A",46,9,47,1145176,3,2
"1884_083_Vis2AO_Home2A",46,9,47,1145374,0,5
"1884_083_Vis2AO_Home2A",47,9,48,1160059,1,1
"1884_083_Vis2AO_Home2A",47,9,48,1160455,10,4
"1884_083_Vis2AO_Home2A",47,9,48,1160554,0,5
"1884_083_Vis2AO_Home2A",48,9,49,1182862,1,1
"1884_083_Vis2AO_Home2A",48,9,49,1183357,10,4
"1884_083_Vis2AO_Home2A",48,9,49,1186723,255,16
"1884_083_Vis2AO_Home2A",48,9,49,1186756,7,9
"1884_083_Vis2AO_Home2A",48,9,49,1187911,255,16
"1884_083_Vis2AO_Home2A",48,9,49,1188274,255,16
"1884_083_Vis2AO_Home2A",48,9,49,1189429,7,2
"1884_083_Vis2AO_Home2A",48,9,49,1190914,7,3
"1884_083_Vis2AO_Home2A",48,9,49,1192135,6,2
"1884_083_Vis2AO_Home2A",48,9,49,1193125,0,5
"1884_083_Vis2AO_Home2A",49,10,50,1227016,1,1
"1884_083_Vis2AO_Home2A",49,10,50,1227511,0,5
"1884_083_Vis2AO_Home2A",49,10,50,1227511,2,2
"1884_083_Vis2AO_Home2A",50,10,51,1250743,1,1
"1884_083_Vis2AO_Home2A",50,10,51,1251205,2,2
"1884_083_Vis2AO_Home2A",50,10,51,1251865,2,3
"1884_083_Vis2AO_Home2A",50,10,51,1251997,255,16
"1884_083_Vis2AO_Home2A",50,10,51,1253152,255,16
"1884_083_Vis2AO_Home2A",50,10,51,1253614,255,16
"1884_083_Vis2AO_Home2A",50,10,51,1254010,255,16
"1884_083_Vis2AO_Home2A",50,10,51,1254736,5,2
"1884_083_Vis2AO_Home2A",50,10,51,1254967,0,5
"1884_083_Vis2AO_Home2A",51,10,52,1288462,1,1
"1884_083_Vis2AO_Home2A",51,10,52,1288858,10,4
"1884_083_Vis2AO_Home2A",51,10,52,1288891,0,5
"1884_083_Vis2AO_Home2A",52,10,53,1314829,1,1
"1884_083_Vis2AO_Home2A",52,10,53,1315291,2,2
"1884_083_Vis2AO_Home2A",52,10,53,1315291,0,5
"1884_083_Vis2AO_Home2A",53,10,54,1338391,1,1
"1884_083_Vis2AO_Home2A",53,10,54,1338853,0,5
"1884_083_Vis2AO_Home2A",53,10,54,1338853,2,2
"1884_083_Vis2AO_Home2A",54,11,55,1419043,1,1
"1884_083_Vis2AO_Home2A",54,11,55,1419571,0,5
"1884_083_Vis2AO_Home2A",54,11,55,1419571,2,2
"1884_083_Vis2AO_Home2A",55,11,56,1436797,1,1
"1884_083_Vis2AO_Home2A",55,11,56,1437292,2,9
"1884_083_Vis2AO_Home2A",55,11,56,1437919,255,16
"1884_083_Vis2AO_Home2A",55,11,56,1438876,255,10
"1884_083_Vis2AO_Home2A",55,11,56,1439338,255,16
"1884_083_Vis2AO_Home2A",55,11,56,1439503,255,16
"1884_083_Vis2AO_Home2A",55,11,56,1440097,2,2
"1884_083_Vis2AO_Home2A",55,11,56,1442605,0,5
"1884_083_Vis2AO_Home2A",56,11,57,1471843,1,1
"1884_083_Vis2AO_Home2A",56,11,57,1472239,10,4
"1884_083_Vis2AO_Home2A",56,11,57,1472338,0,5
"1884_083_Vis2AO_Home2A",57,11,58,1497418,1,1
"1884_083_Vis2AO_Home2A",57,11,58,1497946,2,2
"1884_083_Vis2AO_Home2A",57,11,58,1497946,0,5
"1884_083_Vis2AO_Home2A",58,11,59,1523125,1,1
"1884_083_Vis2AO_Home2A",58,11,59,1523554,10,4
"1884_083_Vis2AO_Home2A",58,11,59,1528306,7,2
"1884_083_Vis2AO_Home2A",58,11,59,1529791,0,5
"1884_083_Vis2AO_Home2A",59,12,60,1565233,1,1
"1884_083_Vis2AO_Home2A",59,12,60,1565761,2,2
"1884_083_Vis2AO_Home2A",59,12,60,1565761,0,5
"1884_083_Vis2AO_Home2A",60,12,61,1589620,1,1
"1884_083_Vis2AO_Home2A",60,12,61,1590082,2,2
"1884_083_Vis2AO_Home2A",60,12,61,1590082,0,5
"1884_083_Vis2AO_Home2A",61,12,62,1609750,1,1
"1884_083_Vis2AO_Home2A",61,12,62,1610179,10,4
"1884_083_Vis2AO_Home2A",61,12,62,1616548,4,2
"1884_083_Vis2AO_Home2A",61,12,62,1616977,0,5
"1884_083_Vis2AO_Home2A",62,13,63,1653409,1,1
"1884_083_Vis2AO_Home2A",62,13,63,1653871,2,2
"1884_083_Vis2AO_Home2A",62,13,63,1653871,0,5
"1884_083_Vis2AO_Home2A",63,13,64,1672813,1,1
"1884_083_Vis2AO_Home2A",63,13,64,1673341,0,5
"1884_083_Vis2AO_Home2A",63,13,64,1673341,2,2
"1884_083_Vis2AO_Home2A",64,13,65,1693702,1,1
"1884_083_Vis2AO_Home2A",64,13,65,1694164,2,2
"1884_083_Vis2AO_Home2A",64,13,65,1694164,0,5
"1884_083_Vis2AO_Home2A",65,13,66,1732213,1,1
"1884_083_Vis2AO_Home2A",65,13,66,1732741,2,2
"1884_083_Vis2AO_Home2A",65,13,66,1732741,0,5
"1884_083_Vis2AO_Home2A",66,14,67,1874674,1,1
"1884_083_Vis2AO_Home2A",66,14,67,1875136,0,5
"1884_083_Vis2AO_Home2A",66,14,67,1875136,2,2
"1884_083_Vis2AO_Home2A",67,14,68,1884971,1,1
"1884_083_Vis2AO_Home2A",67,14,68,1885433,2,2
"1884_083_Vis2AO_Home2A",67,14,68,1885433,0,5
"1884_083_Vis2AO_Home2A",68,14,69,1897214,1,1
"1884_083_Vis2AO_Home2A",68,14,69,1897610,10,4
"1884_083_Vis2AO_Home2A",68,14,69,1897808,0,5
"1884_083_Vis2AO_Home2A",69,14,70,1914110,1,1
"1884_083_Vis2AO_Home2A",69,14,70,1914572,0,5
"1884_083_Vis2AO_Home2A",69,14,70,1914572,2,2
"1884_083_Vis2AO_Home2A",70,14,71,1926485,1,1
"1884_083_Vis2AO_Home2A",70,14,71,1927046,2,2
"1884_083_Vis2AO_Home2A",70,14,71,1927046,0,5
"1884_083_Vis2AO_Home2A",71,15,72,1952885,1,1
"1884_083_Vis2AO_Home2A",71,15,72,1953413,2,2
"1884_083_Vis2AO_Home2A",71,15,72,1953413,0,5
"1884_083_Vis2AO_Home2A",72,15,73,1967108,1,1
"1884_083_Vis2AO_Home2A",72,15,73,1967570,0,5
"1884_083_Vis2AO_Home2A",72,15,73,1967570,2,2
"1884_083_Vis2AO_Home2A",73,15,74,1978427,1,1
"1884_083_Vis2AO_Home2A",73,15,74,1978889,0,5
"1884_083_Vis2AO_Home2A",73,15,74,1978889,2,2
"1884_083_Vis2AO_Home2A",74,15,75,1988789,1,1
"1884_083_Vis2AO_Home2A",74,15,75,1989185,10,4
"1884_083_Vis2AO_Home2A",74,15,75,1989251,0,5
"1884_083_Vis2AO_Home2A",75,15,76,2004893,1,1
"1884_083_Vis2AO_Home2A",75,15,76,2005454,0,5
"1884_083_Vis2AO_Home2A",75,15,76,2005454,2,2
"1884_083_Vis2AO_Home2A",76,15,77,2021789,1,1
"1884_083_Vis2AO_Home2A",76,15,77,2022251,0,5
"1884_083_Vis2AO_Home2A",76,15,77,2022251,2,2
"1884_083_Vis2AO_Home2A",77,16,78,2059211,1,1
"1884_083_Vis2AO_Home2A",77,16,78,2059673,2,2
"1884_083_Vis2AO_Home2A",77,16,78,2059673,0,5
"1884_083_Vis2AO_Home2A",78,16,79,2077427,1,1
"1884_083_Vis2AO_Home2A",78,16,79,2077889,2,2
"1884_083_Vis2AO_Home2A",78,16,79,2077889,0,5
"1884_083_Vis2AO_Home2A",79,16,80,2096303,1,1
"1884_083_Vis2AO_Home2A",79,16,80,2096765,2,2
"1884_083_Vis2AO_Home2A",79,16,80,2096798,0,5
"1884_083_Vis2AO_Home2A",80,16,81,2117390,1,1
"1884_083_Vis2AO_Home2A",80,16,81,2117786,10,4
"1884_083_Vis2AO_Home2A",80,16,81,2117984,255,16
"1884_083_Vis2AO_Home2A",80,16,81,2118842,255,16
"1884_083_Vis2AO_Home2A",80,16,81,2119436,255,16
"1884_083_Vis2AO_Home2A",80,16,81,2119898,6,2
"1884_083_Vis2AO_Home2A",80,16,81,2120525,6,3
"1884_083_Vis2AO_Home2A",80,16,81,2120888,4,2
"1884_083_Vis2AO_Home2A",80,16,81,2121449,4,3
"1884_083_Vis2AO_Home2A",80,16,81,2122241,3,2
"1884_083_Vis2AO_Home2A",80,16,81,2122406,0,5
"1884_083_Vis2AO_Home2A",81,17,82,2158442,1,6
"1884_083_Vis2AO_Home2A",81,17,82,2159036,255,16
"1884_083_Vis2AO_Home2A",81,17,82,2159729,255,16
"1884_083_Vis2AO_Home2A",81,17,82,2159828,255,10
"1884_083_Vis2AO_Home2A",81,17,82,2160851,255,16
"1884_083_Vis2AO_Home2A",81,17,82,2161412,255,16
"1884_083_Vis2AO_Home2A",81,17,82,2164283,4,2
"1884_083_Vis2AO_Home2A",81,17,82,2165009,4,3
"1884_083_Vis2AO_Home2A",81,17,82,2166626,255,16
"1884_083_Vis2AO_Home2A",81,17,82,2166725,6,2
"1884_083_Vis2AO_Home2A",81,17,82,2167781,0,5
"1884_083_Vis2AO_Home2A",82,17,83,2213255,1,1
"1884_083_Vis2AO_Home2A",82,17,83,2213651,10,4
"1884_083_Vis2AO_Home2A",82,17,83,2213684,255,16
"1884_083_Vis2AO_Home2A",82,17,83,2215136,255,16
"1884_083_Vis2AO_Home2A",82,17,83,2215664,6,2
"1884_083_Vis2AO_Home2A",82,17,83,2218469,0,5
"1884_083_Vis2AO_Home2A",83,18,84,2258366,1,1
"1884_083_Vis2AO_Home2A",83,18,84,2258927,2,2
"1884_083_Vis2AO_Home2A",83,18,84,2258927,0,5
"1884_083_Vis2AO_Home2A",84,18,85,2280938,1,1
"1884_083_Vis2AO_Home2A",84,18,85,2281334,10,4
"1884_083_Vis2AO_Home2A",84,18,85,2281400,0,5
"1884_083_Vis2AO_Home2A",85,18,86,2304236,1,1
"1884_083_Vis2AO_Home2A",85,18,86,2304698,2,2
"1884_083_Vis2AO_Home2A",85,18,86,2304698,0,5
"1884_083_Vis2AO_Home2A",86,18,87,2326247,1,1
"1884_083_Vis2AO_Home2A",86,18,87,2326676,2,2
"1884_083_Vis2AO_Home2A",86,18,87,2326676,0,5
"1884_083_Vis2AO_Home2A",87,18,88,2346047,1,6
"1884_083_Vis2AO_Home2A",87,18,88,2346641,3,2
"1884_083_Vis2AO_Home2A",87,18,88,2346905,0,5
"1884_083_Vis2AO_Home2A",88,18,89,2363735,1,1
"1884_083_Vis2AO_Home2A",88,18,89,2364131,10,4
"1884_083_Vis2AO_Home2A",88,18,89,2364296,255,16
"1884_083_Vis2AO_Home2A",88,18,89,2364593,1,2
"1884_083_Vis2AO_Home2A",88,18,89,2367299,1,3
"1884_083_Vis2AO_Home2A",88,18,89,2368157,3,2
"1884_083_Vis2AO_Home2A",88,18,89,2368289,0,5
"1884_083_Vis2AO_Home2A",89,19,90,2502599,1,1
"1884_083_Vis2AO_Home2A",89,19,90,2503094,2,2
"1884_083_Vis2AO_Home2A",89,19,90,2503094,0,5
"1884_083_Vis2AO_Home2A",90,19,91,2516525,1,1
"1884_083_Vis2AO_Home2A",90,19,91,2516954,10,4
"1884_083_Vis2AO_Home2A",90,19,91,2521706,6,2
"1884_083_Vis2AO_Home2A",90,19,91,2521805,0,5
"1884_083_Vis2AO_Home2A",91,20,92,2558303,1,1
"1884_083_Vis2AO_Home2A",91,20,92,2558699,10,4
"1884_083_Vis2AO_Home2A",91,20,92,2558831,0,5
"1884_083_Vis2AO_Home2A",92,20,93,2573615,1,1
"1884_083_Vis2AO_Home2A",92,20,93,2574143,2,2
"1884_083_Vis2AO_Home2A",92,20,93,2574143,0,5
"1884_083_Vis2AO_Home2A",93,20,94,2590379,1,1
"1884_083_Vis2AO_Home2A",93,20,94,2590841,0,5
"1884_083_Vis2AO_Home2A",93,20,94,2590841,2,2
"1884_083_Vis2AO_Home2A",94,20,96,2624237,1,1
"1884_083_Vis2AO_Home2A",94,20,96,2624666,10,4
"1884_083_Vis2AO_Home2A",94,20,96,2624732,0,5
"1884_083_Vis2AO_Home2A",95,20,97,2644070,1,1
"1884_083_Vis2AO_Home2A",95,20,97,2644466,10,4
"1884_083_Vis2AO_Home2A",95,20,97,2647238,255,16
"1884_083_Vis2AO_Home2A",95,20,97,2648228,255,16
"1884_083_Vis2AO_Home2A",95,20,97,2648525,7,2
"1884_083_Vis2AO_Home2A",95,20,97,2650538,7,3
"1884_083_Vis2AO_Home2A",95,20,97,2652287,4,2
"1884_083_Vis2AO_Home2A",95,20,97,2652815,0,5
"1884_083_Vis2AO_Home2A",96,21,98,2680568,1,1
"1884_083_Vis2AO_Home2A",96,21,98,2681030,2,2
"1884_083_Vis2AO_Home2A",96,21,98,2681030,0,5
"1884_083_Vis2AO_Home2A",97,21,99,2699048,1,1
"1884_083_Vis2AO_Home2A",97,21,99,2699477,10,4
"1884_083_Vis2AO_Home2A",97,21,99,2699609,0,5
"1884_083_Vis2AO_Home2A",98,21,100,2717990,1,1
"1884_083_Vis2AO_Home2A",98,21,100,2718551,0,5
"1884_083_Vis2AO_Home2A",98,21,100,2718551,2,2
"1884_083_Vis2AO_Home2A",99,21,101,2740133,1,1
"1884_083_Vis2AO_Home2A",99,21,101,2740562,10,4
"1884_083_Vis2AO_Home2A",99,21,101,2746172,4,2
"1884_083_Vis2AO_Home2A",99,21,101,2746403,0,5
"1884_083_Vis2AO_Home2A",100,22,102,2780591,1,1
"1884_083_Vis2AO_Home2A",100,22,102,2780987,10,4
"1884_083_Vis2AO_Home2A",100,22,102,2787059,9,2
"1884_083_Vis2AO_Home2A",100,22,102,2787587,0,5
"1884_083_Vis2AO_Home2A",101,23,103,2931930,1,1
"1884_083_Vis2AO_Home2A",101,23,103,2932359,10,4
"1884_083_Vis2AO_Home2A",101,23,103,2932425,0,5
"1884_083_Vis2AO_Home2A",102,23,104,2948034,1,1
"1884_083_Vis2AO_Home2A",102,23,104,2948529,0,5
"1884_083_Vis2AO_Home2A",102,23,104,2948529,2,2
"1884_083_Vis2AO_Home2A",103,23,105,2963445,1,1
"1884_083_Vis2AO_Home2A",103,23,105,2963874,10,4
"1884_083_Vis2AO_Home2A",103,23,105,2963940,0,5
"1884_083_Vis2AO_Home2A",104,23,106,2979813,1,1
"1884_083_Vis2AO_Home2A",104,23,106,2980341,2,2
"1884_083_Vis2AO_Home2A",104,23,106,2980341,0,5
"1884_083_Vis2AO_Home2A",105,23,107,2996247,1,1
"1884_083_Vis2AO_Home2A",105,23,107,2996676,10,4
"1884_083_Vis2AO_Home2A",105,23,107,2996742,0,5
"1884_083_Vis2AO_Home2A",106,23,108,3015816,1,1
"1884_083_Vis2AO_Home2A",106,23,108,3016278,2,2
"1884_083_Vis2AO_Home2A",106,23,108,3016278,0,5
"1884_083_Vis2AO_Home2A",107,24,110,3059673,1,1
"1884_083_Vis2AO_Home2A",107,24,110,3060135,0,5
"1884_083_Vis2AO_Home2A",107,24,110,3060135,2,2
"1884_083_Vis2AO_Home2A",108,24,111,3071916,1,1
"1884_083_Vis2AO_Home2A",108,24,111,3072378,2,2
"1884_083_Vis2AO_Home2A",108,24,111,3072378,0,5
"1884_083_Vis2AO_Home2A",109,24,112,3084324,1,1
"1884_083_Vis2AO_Home2A",109,24,112,3084720,10,4
"1884_083_Vis2AO_Home2A",109,24,112,3084819,0,5
"1884_083_Vis2AO_Home2A",110,24,113,3100362,1,1
"1884_083_Vis2AO_Home2A",110,24,113,3100824,0,5
"1884_083_Vis2AO_Home2A",110,24,113,3100824,2,2
"1884_083_Vis2AO_Home2A",111,24,114,3113727,1,1
"1884_083_Vis2AO_Home2A",111,24,114,3114288,2,2
"1884_083_Vis2AO_Home2A",111,24,114,3114288,0,5
"1884_083_Vis2AO_Home2A",112,24,115,3130887,1,1
"1884_083_Vis2AO_Home2A",112,24,115,3131283,10,4
"1884_083_Vis2AO_Home2A",112,24,115,3131316,0,5
"1884_083_Vis2AO_Home2A",113,24,116,3152667,1,1
"1884_083_Vis2AO_Home2A",113,24,116,3153129,0,5
"1884_083_Vis2AO_Home2A",113,24,116,3153129,2,2
"1884_083_Vis2AO_Home2A",114,25,117,3183291,1,1
"1884_083_Vis2AO_Home2A",114,25,117,3183753,0,5
"1884_083_Vis2AO_Home2A",114,25,117,3183753,2,2
"1884_083_Vis2AO_Home2A",115,25,118,3195732,1,1
"1884_083_Vis2AO_Home2A",115,25,118,3196161,10,4
"1884_083_Vis2AO_Home2A",115,25,118,3196194,0,5
"1884_083_Vis2AO_Home2A",116,25,119,3213354,1,1
"1884_083_Vis2AO_Home2A",116,25,119,3213882,0,5
"1884_083_Vis2AO_Home2A",116,25,119,3213882,2,2
"1884_083_Vis2AO_Home2A",117,26,120,3341625,1,1
"1884_083_Vis2AO_Home2A",117,26,120,3342186,0,5
"1884_083_Vis2AO_Home2A",117,26,120,3342186,2,2
"1884_083_Vis2AO_Home2A",118,26,121,3356211,1,1
"1884_083_Vis2AO_Home2A",118,26,121,3356607,10,4
"1884_083_Vis2AO_Home2A",118,26,121,3357597,3,2
"1884_083_Vis2AO_Home2A",118,26,121,3358224,0,5
"1884_083_Vis2AO_Home2A",119,27,122,3389244,1,1
"1884_083_Vis2AO_Home2A",119,27,122,3389706,0,5
"1884_083_Vis2AO_Home2A",119,27,122,3389706,2,2
"1884_083_Vis2AO_Home2A",120,27,123,3406107,1,1
"1884_083_Vis2AO_Home2A",120,27,123,3406569,2,2
"1884_083_Vis2AO_Home2A",120,27,123,3406569,0,5
"1884_083_Vis2AO_Home2A",121,27,124,3424950,1,1
"1884_083_Vis2AO_Home2A",121,27,124,3425412,0,5
"1884_083_Vis2AO_Home2A",121,27,124,3425412,2,2
"1884_083_Vis2AO_Home2A",122,27,125,3442506,1,1
"1884_083_Vis2AO_Home2A",122,27,125,3443034,0,5
"1884_083_Vis2AO_Home2A",122,27,125,3443034,2,2
"1884_083_Vis2AO_Home2A",123,28,126,3468213,1,1
"1884_083_Vis2AO_Home2A",123,28,126,3468609,10,4
"1884_083_Vis2AO_Home2A",123,28,126,3468675,0,5
"1884_083_Vis2AO_Home2A",124,28,127,3486693,1,1
"1884_083_Vis2AO_Home2A",124,28,127,3487089,10,4
"1884_083_Vis2AO_Home2A",124,28,127,3492336,8,2
"1884_083_Vis2AO_Home2A",124,28,127,3492435,0,5
"1884_083_Vis2AO_Home2A",125,29,128,3638526,1,1
"1884_083_Vis2AO_Home2A",125,29,128,3639087,2,2
"1884_083_Vis2AO_Home2A",125,29,128,3639087,0,5
"1884_083_Vis2AO_Home2A",126,29,129,3650571,1,1
"1884_083_Vis2AO_Home2A",126,29,129,3651066,0,5
"1884_083_Vis2AO_Home2A",126,29,129,3651066,2,2
"1884_083_Vis2AO_Home2A",127,29,130,3664926,1,1
"1884_083_Vis2AO_Home2A",127,29,130,3665322,10,4
"1884_083_Vis2AO_Home2A",127,29,130,3665388,255,16
"1884_083_Vis2AO_Home2A",127,29,130,3666972,255,16
"1884_083_Vis2AO_Home2A",127,29,130,3667962,255,16
"1884_083_Vis2AO_Home2A",127,29,130,3668325,255,16
"1884_083_Vis2AO_Home2A",127,29,130,3668688,255,16
"1884_083_Vis2AO_Home2A",127,29,130,3669579,7,2
"1884_083_Vis2AO_Home2A",127,29,130,3670932,7,3
"1884_083_Vis2AO_Home2A",127,29,130,3672186,255,16
"1884_083_Vis2AO_Home2A",127,29,130,3672648,255,16
"1884_083_Vis2AO_Home2A",127,29,130,3673011,4,2
"1884_083_Vis2AO_Home2A",127,29,130,3673671,0,5
"1884_083_Vis2AO_Home2A",128,30,131,3701886,1,6
"1884_083_Vis2AO_Home2A",128,30,131,3702513,3,2
"1884_083_Vis2AO_Home2A",128,30,131,3702678,0,5
"1884_083_Vis2AO_Home2A",129,30,132,3716670,1,1
"1884_083_Vis2AO_Home2A",129,30,132,3717099,0,5
"1884_083_Vis2AO_Home2A",129,30,132,3717099,2,2
"1884_083_Vis2AO_Home2A",130,30,133,3741684,1,1
"1884_083_Vis2AO_Home2A",130,30,133,3742080,10,4
"1884_083_Vis2AO_Home2A",130,30,133,3742179,255,16
"1884_083_Vis2AO_Home2A",130,30,133,3743004,255,16
"1884_083_Vis2AO_Home2A",130,30,133,3743268,5,9
"1884_083_Vis2AO_Home2A",130,30,133,3744060,255,16
"1884_083_Vis2AO_Home2A",130,30,133,3744522,255,16
"1884_083_Vis2AO_Home2A",130,30,133,3745611,6,2
"1884_083_Vis2AO_Home2A",130,30,133,3747327,0,5
"1884_083_Vis2AO_Home2A",131,31,134,3784485,1,1
"1884_083_Vis2AO_Home2A",131,31,134,3784914,10,4
"1884_083_Vis2AO_Home2A",131,31,134,3785079,0,5
"1884_083_Vis2AO_Home2A",132,31,135,3810159,1,1
"1884_083_Vis2AO_Home2A",132,31,135,3810621,2,2
"1884_083_Vis2AO_Home2A",132,31,135,3810621,0,5
"1884_083_Vis2AO_Home2A",133,31,136,3831048,1,1
"1884_083_Vis2AO_Home2A",133,31,136,3831510,0,5
"1884_083_Vis2AO_Home2A",133,31,136,3831510,2,2
"1884_083_Vis2AO_Home2A",134,31,137,3854478,1,1
"1884_083_Vis2AO_Home2A",134,31,137,3854973,2,2
"1884_083_Vis2AO_Home2A",134,31,137,3854973,0,5
"1884_083_Vis2AO_Home2A",135,31,138,3873090,1,1
"1884_083_Vis2AO_Home2A",135,31,138,3873585,2,2
"1884_083_Vis2AO_Home2A",135,31,138,3873585,0,5
"1884_083_Vis2AO_Home2A",136,32,139,3903814,1,1
"1884_083_Vis2AO_Home2A",136,32,139,3904243,0,5
"1884_083_Vis2AO_Home2A",136,32,139,3904243,2,2
"1884_083_Vis2AO_Home2A",137,32,140,3924769,1,1
"1884_083_Vis2AO_Home2A",137,32,140,3925231,2,2
"1884_083_Vis2AO_Home2A",137,32,140,3925231,0,5
"1884_083_Vis2AO_Home2A",138,32,141,3943282,1,1
"1884_083_Vis2AO_Home2A",138,32,141,3943810,2,2
"1884_083_Vis2AO_Home2A",138,32,141,3943810,0,5
"1884_083_Vis2AO_Home2A",139,32,142,3972520,1,1
"1884_083_Vis2AO_Home2A",139,32,142,3972982,10,4
"1884_083_Vis2AO_Home2A",139,32,142,3973048,0,5
"1884_083_Vis2AO_Home2A",140,32,143,4021294,1,1
"1884_083_Vis2AO_Home2A",140,32,143,4021723,10,4
"1884_083_Vis2AO_Home2A",140,32,143,4021855,0,5
"1884_083_Vis2AO_Home2A",141,32,144,4049971,1,1
"1884_083_Vis2AO_Home2A",141,32,144,4050499,2,2
"1884_083_Vis2AO_Home2A",141,32,144,4050499,0,5
"1884_083_Vis2AO_Home2A",142,32,145,4074919,1,1
"1884_083_Vis2AO_Home2A",142,32,145,4075348,0,5
"1884_083_Vis2AO_Home2A",142,32,145,4075348,2,2
"1884_083_Vis2AO_Home2A",143,32,146,4095808,1,1
"1884_083_Vis2AO_Home2A",143,32,146,4096303,0,5
"1884_083_Vis2AO_Home2A",143,32,146,4096303,2,2
"1884_083_Vis2AO_Home2A",144,33,147,4172863,1,1
"1884_083_Vis2AO_Home2A",144,33,147,4173424,2,2
"1884_083_Vis2AO_Home2A",144,33,147,4173424,0,5
"1884_083_Vis2AO_Home2A",145,33,148,4192102,1,1
"1884_083_Vis2AO_Home2A",145,33,148,4192630,2,2
"1884_083_Vis2AO_Home2A",145,33,148,4192630,0,5
"1884_083_Vis2AO_Home2A",146,33,149,4211473,1,1
"1884_083_Vis2AO_Home2A",146,33,149,4211968,10,4
"1884_083_Vis2AO_Home2A",146,33,149,4215631,9,2
"1884_083_Vis2AO_Home2A",146,33,149,4215796,0,5
"1884_083_Vis2AO_Home2A",147,34,150,4361293,1,1
"1884_083_Vis2AO_Home2A",147,34,150,4361722,10,4
"1884_083_Vis2AO_Home2A",147,34,150,4362052,0,5
"1884_083_Vis2AO_Home2A",148,34,151,4379278,1,1
"1884_083_Vis2AO_Home2A",148,34,151,4379707,10,4
"1884_083_Vis2AO_Home2A",148,34,151,4379806,0,5
"1884_083_Vis2AO_Home2A",149,34,152,4436104,1,1
"1884_083_Vis2AO_Home2A",149,34,152,4436599,2,2
"1884_083_Vis2AO_Home2A",149,34,152,4436599,0,5
"1884_083_Vis2AO_Home2A",150,34,153,4452010,1,1
"1884_083_Vis2AO_Home2A",150,34,153,4452538,2,2
"1884_083_Vis2AO_Home2A",150,34,153,4452538,0,5
"1884_083_Vis2AO_Home2A",151,35,154,4479169,1,1
"1884_083_Vis2AO_Home2A",151,35,154,4479598,10,4
"1884_083_Vis2AO_Home2A",151,35,154,4483558,255,16
"1884_083_Vis2AO_Home2A",151,35,154,4484746,255,16
"1884_083_Vis2AO_Home2A",151,35,154,4484812,255,10
"1884_083_Vis2AO_Home2A",151,35,154,4486066,9,2
"1884_083_Vis2AO_Home2A",151,35,154,4487155,9,3
"1884_083_Vis2AO_Home2A",151,35,154,4488805,4,2
"1884_083_Vis2AO_Home2A",151,35,154,4489366,4,3
"1884_083_Vis2AO_Home2A",151,35,154,4490917,5,2
"1884_083_Vis2AO_Home2A",151,35,154,4492072,0,5
"1884_083_Vis2AO_Home2A",152,36,155,4528471,1,1
"1884_083_Vis2AO_Home2A",152,36,155,4528933,0,5
"1884_083_Vis2AO_Home2A",152,36,155,4528933,2,2
"1884_083_Vis2AO_Home2A",153,36,156,4543057,1,1
"1884_083_Vis2AO_Home2A",153,36,156,4543585,0,5
"1884_083_Vis2AO_Home2A",153,36,156,4543585,2,2
"1884_083_Vis2AO_Home2A",154,36,157,4560481,1,1
"1884_083_Vis2AO_Home2A",154,36,157,4560877,10,4
"1884_083_Vis2AO_Home2A",154,36,157,4561306,255,16
"1884_083_Vis2AO_Home2A",154,36,157,4562131,255,16
"1884_083_Vis2AO_Home2A",154,36,157,4562659,255,16
"1884_083_Vis2AO_Home2A",154,36,157,4562989,255,16
"1884_083_Vis2AO_Home2A",154,36,157,4563418,255,16
"1884_083_Vis2AO_Home2A",154,36,157,4563616,255,16
"1884_083_Vis2AO_Home2A",154,36,157,4563814,255,16
"1884_083_Vis2AO_Home2A",154,36,157,4564540,8,2
"1884_083_Vis2AO_Home2A",154,36,157,4566289,8,3
"1884_083_Vis2AO_Home2A",154,36,157,4568302,6,2
"1884_083_Vis2AO_Home2A",154,36,157,4568995,0,5
"1884_083_Vis2AO_Home2A",155,37,158,4646743,1,1
"1884_083_Vis2AO_Home2A",155,37,158,4647205,0,5
"1884_083_Vis2AO_Home2A",155,37,158,4647205,2,2
"1884_083_Vis2AO_Home2A",156,37,159,4664893,1,6
"1884_083_Vis2AO_Home2A",156,37,159,4665487,3,2
"1884_083_Vis2AO_Home2A",156,37,159,4665685,0,5
"1884_083_Vis2AO_Home2A",157,37,160,4679314,1,1
"1884_083_Vis2AO_Home2A",157,37,160,4679776,0,5
"1884_083_Vis2AO_Home2A",157,37,160,4679776,2,2
"1884_083_Vis2AO_Home2A",158,37,161,4700929,1,1
"1884_083_Vis2AO_Home2A",158,37,161,4701490,0,5
"1884_083_Vis2AO_Home2A",158,37,161,4701490,2,2
"1884_083_Vis2AO_Home2A",159,37,162,4718782,1,6
"1884_083_Vis2AO_Home2A",159,37,162,4719343,3,2
"1884_083_Vis2AO_Home2A",159,37,162,4719541,0,5
"1884_083_Vis2AO_Home2A",160,37,163,4737097,1,1
"1884_083_Vis2AO_Home2A",160,37,163,4737559,2,2
"1884_083_Vis2AO_Home2A",160,37,163,4737559,0,5
"1884_083_Vis2AO_Home2A",161,38,164,4769932,1,1
"1884_083_Vis2AO_Home2A",161,38,164,4770394,0,5
"1884_083_Vis2AO_Home2A",161,38,164,4770394,2,2
"1884_083_Vis2AO_Home2A",162,38,165,4788841,1,1
"1884_083_Vis2AO_Home2A",162,38,165,4789369,2,2
"1884_083_Vis2AO_Home2A",162,38,165,4789369,0,5
"1884_083_Vis2AO_Home2A",163,38,166,4811116,1,1
"1884_083_Vis2AO_Home2A",163,38,166,4811644,2,2
"1884_083_Vis2AO_Home2A",163,38,166,4811644,0,5
"1884_083_Vis2AO_Home2A",164,38,167,4831873,1,1
"1884_083_Vis2AO_Home2A",164,38,167,4832335,0,5
"1884_083_Vis2AO_Home2A",164,38,167,4832335,2,2
"1884_083_Vis2AO_Home2A",165,38,168,4860682,1,1
"1884_083_Vis2AO_Home2A",165,38,168,4861144,2,2
"1884_083_Vis2AO_Home2A",165,38,168,4861144,0,5
"1884_083_Vis2AO_Home2A",166,39,169,5041589,1,1
"1884_083_Vis2AO_Home2A",166,39,169,5042051,2,2
"1884_083_Vis2AO_Home2A",166,39,169,5042051,0,5
"1884_083_Vis2AO_Home2A",167,39,170,5064458,1,1
"1884_083_Vis2AO_Home2A",167,39,170,5064920,0,5
"1884_083_Vis2AO_Home2A",167,39,170,5064920,2,2
"1884_083_Vis2AO_Home2A",168,39,171,5098052,1,1
"1884_083_Vis2AO_Home2A",168,39,171,5098481,10,4
"1884_083_Vis2AO_Home2A",168,39,171,5104388,9,2
"1884_083_Vis2AO_Home2A",168,39,171,5104685,0,5
"1884_083_Vis2AO_Home2A",169,40,172,5245331,1,1
"1884_083_Vis2AO_Home2A",169,40,172,5245892,0,5
"1884_083_Vis2AO_Home2A",169,40,172,5245892,2,2
"1884_083_Vis2AO_Home2A",170,40,173,5258531,1,1
"1884_083_Vis2AO_Home2A",170,40,173,5259026,2,2
"1884_083_Vis2AO_Home2A",170,40,173,5259026,0,5
"1884_083_Vis2AO_Home2A",171,40,174,5272820,1,1
"1884_083_Vis2AO_Home2A",171,40,174,5273282,2,2
"1884_083_Vis2AO_Home2A",171,40,174,5273282,0,5
"1884_083_Vis2AO_Home2A",172,40,175,5287109,1,1
"1884_083_Vis2AO_Home2A",172,40,175,5287505,10,4
"1884_083_Vis2AO_Home2A",172,40,175,5287604,0,5
"1884_083_Vis2AO_Home2A",173,40,176,5308097,1,1
"1884_083_Vis2AO_Home2A",173,40,176,5308526,10,4
"1884_083_Vis2AO_Home2A",173,40,176,5308856,255,16
"1884_083_Vis2AO_Home2A",173,40,176,5309351,255,16
"1884_083_Vis2AO_Home2A",173,40,176,5309912,255,16
"1884_083_Vis2AO_Home2A",173,40,176,5310341,255,16
"1884_083_Vis2AO_Home2A",173,40,176,5310737,255,16
"1884_083_Vis2AO_Home2A",173,40,176,5311034,255,16
"1884_083_Vis2AO_Home2A",173,40,176,5311232,255,16
"1884_083_Vis2AO_Home2A",173,40,176,5312222,9,2
"1884_083_Vis2AO_Home2A",173,40,176,5313872,9,3
"1884_083_Vis2AO_Home2A",173,40,176,5315225,255,16
"1884_083_Vis2AO_Home2A",173,40,176,5316017,255,16
"1884_083_Vis2AO_Home2A",173,40,176,5316083,6,2
"1884_083_Vis2AO_Home2A",173,40,176,5317172,0,5
"1884_083_Vis2AO_Home2A",174,41,177,5342417,1,1
"1884_083_Vis2AO_Home2A",174,41,177,5342879,0,5
"1884_083_Vis2AO_Home2A",174,41,177,5342879,2,2
"1884_083_Vis2AO_Home2A",175,41,178,5358785,1,1
"1884_083_Vis2AO_Home2A",175,41,178,5359280,0,5
"1884_083_Vis2AO_Home2A",175,41,178,5359280,2,2
"1884_083_Vis2AO_Home2A",176,41,179,5376902,1,1
"1884_083_Vis2AO_Home2A",176,41,179,5377430,2,2
"1884_083_Vis2AO_Home2A",176,41,179,5377430,0,5
"1884_083_Vis2AO_Home2A",177,41,180,5399342,1,1
"1884_083_Vis2AO_Home2A",177,41,180,5399771,10,4
"1884_083_Vis2AO_Home2A",177,41,180,5399870,0,5
"1884_083_Vis2AO_Home2A",178,41,181,5419868,1,1
"1884_083_Vis2AO_Home2A",178,41,181,5420297,0,5
"1884_083_Vis2AO_Home2A",178,41,181,5420297,2,2
"1884_083_Vis2AO_Home2A",179,42,182,5606714,1,1
"1884_083_Vis2AO_Home2A",179,42,182,5607275,2,2
"1884_083_Vis2AO_Home2A",179,42,182,5607275,0,5
"1884_083_Vis2AO_Home2A",180,42,183,5624237,1,1
"1884_083_Vis2AO_Home2A",180,42,183,5624732,2,2
"1884_083_Vis2AO_Home2A",180,42,183,5624732,0,5
"1884_083_Vis2AO_Home2A",181,42,184,5644070,1,1
"1884_083_Vis2AO_Home2A",181,42,184,5644598,10,4
"1884_083_Vis2AO_Home2A",181,42,184,5649548,8,2
"1884_083_Vis2AO_Home2A",181,42,184,5651231,8,3
"1884_083_Vis2AO_Home2A",181,42,184,5652815,4,2
"1884_083_Vis2AO_Home2A",181,42,184,5653244,0,5
"1884_083_Vis2AO_Home2A",182,43,185,5683142,1,1
"1884_083_Vis2AO_Home2A",182,43,185,5683670,2,2
"1884_083_Vis2AO_Home2A",182,43,185,5683670,0,5
"1884_083_Vis2AO_Home2A",183,43,186,5702909,1,1
"1884_083_Vis2AO_Home2A",183,43,186,5703371,10,4
"1884_083_Vis2AO_Home2A",183,43,186,5707364,255,16
"1884_083_Vis2AO_Home2A",183,43,186,5708354,255,16
"1884_083_Vis2AO_Home2A",183,43,186,5708783,8,2
"1884_083_Vis2AO_Home2A",183,43,186,5709971,8,3
"1884_083_Vis2AO_Home2A",183,43,186,5711291,255,16
"1884_083_Vis2AO_Home2A",183,43,186,5711819,6,2
"1884_083_Vis2AO_Home2A",183,43,186,5713370,0,5
"1884_083_Vis2AO_Home2A",184,44,187,5756171,1,1
"1884_083_Vis2AO_Home2A",184,44,187,5756633,0,5
"1884_083_Vis2AO_Home2A",184,44,187,5756633,2,2
"1884_083_Vis2AO_Home2A",185,44,188,5776697,1,1
"1884_083_Vis2AO_Home2A",185,44,188,5777192,10,4
"1884_083_Vis2AO_Home2A",185,44,188,5777291,0,5
"1884_083_Vis2AO_Home2A",186,44,189,5802470,1,1
"1884_083_Vis2AO_Home2A",186,44,189,5802965,2,2
"1884_083_Vis2AO_Home2A",186,44,189,5802965,0,5
"1884_083_Vis2AO_Home2A",187,44,190,5827352,1,1
"1884_083_Vis2AO_Home2A",187,44,190,5827781,10,4
"1884_083_Vis2AO_Home2A",187,44,190,5831444,255,16
"1884_083_Vis2AO_Home2A",187,44,190,5831774,255,10
"1884_083_Vis2AO_Home2A",187,44,190,5833193,255,16
"1884_083_Vis2AO_Home2A",187,44,190,5834183,9,2
"1884_083_Vis2AO_Home2A",187,44,190,5835305,9,3
"1884_083_Vis2AO_Home2A",187,44,190,5836889,255,16
"1884_083_Vis2AO_Home2A",187,44,190,5836988,4,9
"1884_083_Vis2AO_Home2A",187,44,190,5838308,255,16
"1884_083_Vis2AO_Home2A",187,44,190,5839298,4,2
"1884_083_Vis2AO_Home2A",187,44,190,5839892,0,5
"1884_083_Vis2AO_Home2A",188,45,191,5878931,1,1
"1884_083_Vis2AO_Home2A",188,45,191,5879393,0,5
"1884_083_Vis2AO_Home2A",188,45,191,5879393,2,2
"1884_083_Vis2AO_Home2A",189,45,192,5899260,1,1
"1884_083_Vis2AO_Home2A",189,45,192,5899788,2,2
"1884_083_Vis2AO_Home2A",189,45,192,5899788,0,5
"1884_083_Vis2AO_Home2A",190,45,193,5921007,1,1
"1884_083_Vis2AO_Home2A",190,45,193,5921502,2,2
"1884_083_Vis2AO_Home2A",190,45,193,5921502,0,5
"1884_083_Vis2AO_Home2A",191,45,194,5943843,1,1
"1884_083_Vis2AO_Home2A",191,45,194,5944338,10,4
"1884_083_Vis2AO_Home2A",191,45,194,5944503,0,5
"1884_083_Vis2AO_Home2A",192,45,195,5972982,1,1
"1884_083_Vis2AO_Home2A",192,45,195,5973378,10,4
"1884_083_Vis2AO_Home2A",192,45,195,5977734,9,2
"1884_083_Vis2AO_Home2A",192,45,195,5978097,0,5
"1884_083_Vis2AO_Home2A",193,46,196,6107160,1,1
"1884_083_Vis2AO_Home2A",193,46,196,6107622,0,5
"1884_083_Vis2AO_Home2A",193,46,196,6107622,2,2
"1884_083_Vis2AO_Home2A",194,46,198,6138444,1,1
"1884_083_Vis2AO_Home2A",194,46,198,6138939,2,2
"1884_083_Vis2AO_Home2A",194,46,198,6138939,0,5
"1884_083_Vis2AO_Home2A",195,46,199,6150027,1,1
"1884_083_Vis2AO_Home2A",195,46,199,6150588,0,5
"1884_083_Vis2AO_Home2A",195,46,199,6150588,2,2
"1884_083_Vis2AO_Home2A",196,47,200,6180981,1,1
"1884_083_Vis2AO_Home2A",196,47,200,6181410,10,4
"1884_083_Vis2AO_Home2A",196,47,200,6181476,0,5
"1884_083_Vis2AO_Home2A",197,47,201,6197283,1,1
"1884_083_Vis2AO_Home2A",197,47,201,6197877,2,2
"1884_083_Vis2AO_Home2A",197,47,201,6197877,0,5
"1884_083_Vis2AO_Home2A",198,47,202,6210813,1,1
"1884_083_Vis2AO_Home2A",198,47,202,6211209,10,4
"1884_083_Vis2AO_Home2A",198,47,202,6211308,0,5
"1884_083_Vis2AO_Home2A",199,47,203,6230316,1,1
"1884_083_Vis2AO_Home2A",199,47,203,6230745,10,4
"1884_083_Vis2AO_Home2A",199,47,203,6231273,255,16
"1884_083_Vis2AO_Home2A",199,47,203,6231669,255,16
"1884_083_Vis2AO_Home2A",199,47,203,6232131,4,2
"1884_083_Vis2AO_Home2A",199,47,203,6233781,4,3
"1884_083_Vis2AO_Home2A",199,47,203,6234606,3,2
"1884_083_Vis2AO_Home2A",199,47,203,6234771,0,5
"1884_083_Vis2AO_Home2A",200,48,204,6260874,1,1
"1884_083_Vis2AO_Home2A",200,48,204,6261435,2,2
"1884_083_Vis2AO_Home2A",200,48,204,6261435,0,5
"1884_083_Vis2AO_Home2A",201,48,205,6270807,1,1
"1884_083_Vis2AO_Home2A",201,48,205,6271302,0,5
"1884_083_Vis2AO_Home2A",201,48,205,6271302,2,2
"1884_083_Vis2AO_Home2A",202,48,206,6285624,1,1
"1884_083_Vis2AO_Home2A",202,48,206,6286020,10,4
"1884_083_Vis2AO_Home2A",202,48,206,6287274,4,9
"1884_083_Vis2AO_Home2A",202,48,206,6287637,255,16
"1884_083_Vis2AO_Home2A",202,48,206,6288066,255,16
"1884_083_Vis2AO_Home2A",202,48,206,6288462,255,16
"1884_083_Vis2AO_Home2A",202,48,206,6288759,255,16
"1884_083_Vis2AO_Home2A",202,48,206,6289419,255,16
"1884_083_Vis2AO_Home2A",202,48,206,6289848,255,16
"1884_083_Vis2AO_Home2A",202,48,206,6290112,9,2
"1884_083_Vis2AO_Home2A",202,48,206,6291531,9,3
"1884_083_Vis2AO_Home2A",202,48,206,6293775,6,2
"1884_083_Vis2AO_Home2A",202,48,206,6295062,0,5
"1884_083_Vis2AO_Home2A",203,49,207,6318360,1,1
"1884_083_Vis2AO_Home2A",203,49,207,6318789,10,4
"1884_083_Vis2AO_Home2A",203,49,207,6318822,0,5
"1884_083_Vis2AO_Home2A",204,49,208,6351756,1,6
"1884_083_Vis2AO_Home2A",204,49,208,6352251,3,2
"1884_083_Vis2AO_Home2A",204,49,208,6353637,3,3
"1884_083_Vis2AO_Home2A",204,49,208,6354363,6,2
"1884_083_Vis2AO_Home2A",204,49,208,6356409,6,3
"1884_083_Vis2AO_Home2A",204,49,208,6357036,3,2
"1884_083_Vis2AO_Home2A",204,49,208,6359511,3,3
"1884_083_Vis2AO_Home2A",204,49,208,6360072,4,2
"1884_083_Vis2AO_Home2A",204,49,208,6361458,0,5
"1884_083_Vis2AO_Home2A",205,50,209,6507054,1,1
"1884_083_Vis2AO_Home2A",205,50,209,6507516,2,2
"1884_083_Vis2AO_Home2A",205,50,209,6507516,0,5
"1884_083_Vis2AO_Home2A",206,50,210,6520518,1,1
"1884_083_Vis2AO_Home2A",206,50,210,6521013,2,2
"1884_083_Vis2AO_Home2A",206,50,210,6521013,0,5
"1884_083_Vis2AO_Home2A",207,50,211,6534510,1,1
"1884_083_Vis2AO_Home2A",207,50,211,6535005,0,5
"1884_083_Vis2AO_Home2A",207,50,211,6535005,2,2
"1884_083_Vis2AO_Home2A",208,50,212,6548436,1,1
"1884_083_Vis2AO_Home2A",208,50,212,6548865,10,4
"1884_083_Vis2AO_Home2A",208,50,212,6548931,0,5
"1884_083_Vis2AO_Home2A",209,50,213,6569127,1,1
"1884_083_Vis2AO_Home2A",209,50,213,6569688,2,2
"1884_083_Vis2AO_Home2A",209,50,213,6569688,0,5
"1884_083_Vis2AO_Home2A",210,51,214,6596121,1,1
"1884_083_Vis2AO_Home2A",210,51,214,6596682,0,5
"1884_083_Vis2AO_Home2A",210,51,214,6596682,2,2
"1884_083_Vis2AO_Home2A",211,51,215,6609684,1,1
"1884_083_Vis2AO_Home2A",211,51,215,6610113,10,4
"1884_083_Vis2AO_Home2A",211,51,215,6612555,255,16
"1884_083_Vis2AO_Home2A",211,51,215,6613017,7,2
"1884_083_Vis2AO_Home2A",211,51,215,6614865,7,3
"1884_083_Vis2AO_Home2A",211,51,215,6616053,6,2
"1884_083_Vis2AO_Home2A",211,51,215,6616647,0,5
"1884_083_Vis2AO_Home2A",212,52,216,6651231,1,1
"1884_083_Vis2AO_Home2A",212,52,216,6651726,2,2
"1884_083_Vis2AO_Home2A",212,52,216,6651726,0,5
"1884_083_Vis2AO_Home2A",213,52,217,6673836,1,1
"1884_083_Vis2AO_Home2A",213,52,217,6674298,10,4
"1884_083_Vis2AO_Home2A",213,52,217,6677268,255,16
"1884_083_Vis2AO_Home2A",213,52,217,6678126,255,16
"1884_083_Vis2AO_Home2A",213,52,217,6678786,255,16
"1884_083_Vis2AO_Home2A",213,52,217,6679347,7,9
"1884_083_Vis2AO_Home2A",213,52,217,6681030,7,2
"1884_083_Vis2AO_Home2A",213,52,217,6681954,7,3
"1884_083_Vis2AO_Home2A",213,52,217,6683340,6,2
"1884_083_Vis2AO_Home2A",213,52,217,6684066,6,3
"1884_083_Vis2AO_Home2A",213,52,217,6685815,2,2
"1884_083_Vis2AO_Home2A",213,52,217,6686112,0,5
"1884_083_Vis2AO_Home2A",214,53,218,6732972,1,1
"1884_083_Vis2AO_Home2A",214,53,218,6733401,10,4
"1884_083_Vis2AO_Home2A",214,53,218,6733500,0,5
"1884_083_Vis2AO_Home2A",215,53,219,6770394,1,1
"1884_083_Vis2AO_Home2A",215,53,219,6770823,10,4
"1884_083_Vis2AO_Home2A",215,53,219,6771846,255,16
"1884_083_Vis2AO_Home2A",215,53,219,6772539,255,16
"1884_083_Vis2AO_Home2A",215,53,219,6773133,255,16
"1884_083_Vis2AO_Home2A",215,53,219,6773463,6,2
"1884_083_Vis2AO_Home2A",215,53,219,6774024,6,3
"1884_083_Vis2AO_Home2A",215,53,219,6774981,3,2
"1884_083_Vis2AO_Home2A",215,53,219,6775047,0,5
"1884_083_Vis2AO_Home2A",216,54,220,6807420,1,1
"1884_083_Vis2AO_Home2A",216,54,220,6807849,10,4
"1884_083_Vis2AO_Home2A",216,54,220,6807981,0,5
"1884_083_Vis2AO_Home2A",217,54,221,6839364,1,1
"1884_083_Vis2AO_Home2A",217,54,221,6839793,10,4
"1884_083_Vis2AO_Home2A",217,54,221,6841872,255,16
"1884_083_Vis2AO_Home2A",217,54,221,6842697,9,2
"1884_083_Vis2AO_Home2A",217,54,221,6843720,9,3
"1884_083_Vis2AO_Home2A",217,54,221,6845007,4,2
"1884_083_Vis2AO_Home2A",217,54,221,6846789,0,5
"1884_083_Vis2AO_Home2A",218,55,222,6938398,1,1
"1884_083_Vis2AO_Home2A",218,55,222,6938827,10,4
"1884_083_Vis2AO_Home2A",218,55,222,6938926,0,5
"1884_083_Vis2AO_Home2A",219,55,223,6963940,1,1
"1884_083_Vis2AO_Home2A",219,55,223,6964468,2,2
"1884_083_Vis2AO_Home2A",219,55,223,6964468,0,5
"1884_083_Vis2AO_Home2A",220,55,224,6979648,1,6
"1884_083_Vis2AO_Home2A",220,55,224,6980242,255,16
"1884_083_Vis2AO_Home2A",220,55,224,6980374,3,2
"1884_083_Vis2AO_Home2A",220,55,224,6980737,0,5
"1884_083_Vis2AO_Home2A",221,55,225,6999481,1,1
"1884_083_Vis2AO_Home2A",221,55,225,7000042,0,5
"1884_083_Vis2AO_Home2A",221,55,225,7000042,2,2
"1884_083_Vis2AO_Home2A",222,55,226,7021261,1,1
"1884_083_Vis2AO_Home2A",222,55,226,7021756,0,5
"1884_083_Vis2AO_Home2A",222,55,226,7021756,2,2
"1884_083_Vis2AO_Home2A",223,55,227,7044031,1,1
"1884_083_Vis2AO_Home2A",223,55,227,7044559,2,2
"1884_083_Vis2AO_Home2A",223,55,227,7045417,2,3
"1884_083_Vis2AO_Home2A",223,55,227,7046605,255,16
"1884_083_Vis2AO_Home2A",223,55,227,7046704,6,2
"1884_083_Vis2AO_Home2A",223,55,227,7047133,0,5
"1884_083_Vis2AO_Home2A",224,55,228,7088350,1,1
"1884_083_Vis2AO_Home2A",224,55,228,7088779,10,4
"1884_083_Vis2AO_Home2A",224,55,228,7092409,255,10
"1884_083_Vis2AO_Home2A",224,55,228,7092574,255,16
"1884_083_Vis2AO_Home2A",224,55,228,7093135,255,16
"1884_083_Vis2AO_Home2A",224,55,228,7094092,9,2
"1884_083_Vis2AO_Home2A",224,55,228,7095049,9,3
"1884_083_Vis2AO_Home2A",224,55,228,7097161,255,16
"1884_083_Vis2AO_Home2A",224,55,228,7098052,255,16
"1884_083_Vis2AO_Home2A",224,55,228,7098580,6,2
"1884_083_Vis2AO_Home2A",224,55,228,7098877,0,5
"1884_083_Vis2AO_Home2A",225,56,229,7143097,1,1
"1884_083_Vis2AO_Home2A",225,56,229,7143526,10,4
"1884_083_Vis2AO_Home2A",225,56,229,7149400,9,2
"1884_083_Vis2AO_Home2A",225,56,229,7149829,0,5
"1884_083_Vis2AO_Home2A",226,57,230,7281697,1,1
"1884_083_Vis2AO_Home2A",226,57,230,7282159,2,2
"1884_083_Vis2AO_Home2A",226,57,230,7282159,0,5
"1884_083_Vis2AO_Home2A",227,57,231,7296613,1,1
"1884_083_Vis2AO_Home2A",227,57,231,7297141,0,5
"1884_083_Vis2AO_Home2A",227,57,231,7297141,2,2
"1884_083_Vis2AO_Home2A",228,57,232,7310242,1,1
"1884_083_Vis2AO_Home2A",228,57,232,7310737,2,2
"1884_083_Vis2AO_Home2A",228,57,232,7310737,0,5
"1884_083_Vis2AO_Home2A",229,57,233,7323640,1,1
"1884_083_Vis2AO_Home2A",229,57,233,7324135,2,2
"1884_083_Vis2AO_Home2A",229,57,233,7324135,0,5
"1884_083_Vis2AO_Home2A",230,58,234,7349908,1,1
"1884_083_Vis2AO_Home2A",230,58,234,7350370,0,5
"1884_083_Vis2AO_Home2A",230,58,234,7350370,2,2
"1884_083_Vis2AO_Home2A",231,58,235,7361788,1,1
"1884_083_Vis2AO_Home2A",231,58,235,7362217,10,4
"1884_083_Vis2AO_Home2A",231,58,235,7364791,255,16
"1884_083_Vis2AO_Home2A",231,58,235,7365781,255,16
"1884_083_Vis2AO_Home2A",231,58,235,7366375,7,2
"1884_083_Vis2AO_Home2A",231,58,235,7368289,7,3
"1884_083_Vis2AO_Home2A",231,58,235,7370104,4,2
"1884_083_Vis2AO_Home2A",231,58,235,7370533,0,5
"1884_083_Vis2AO_Home2A",232,59,236,7398781,1,1
"1884_083_Vis2AO_Home2A",232,59,236,7399243,2,2
"1884_083_Vis2AO_Home2A",232,59,236,7399243,0,5
"1884_083_Vis2AO_Home2A",233,59,237,7420594,1,1
"1884_083_Vis2AO_Home2A",233,59,237,7420990,10,4
"1884_083_Vis2AO_Home2A",233,59,237,7425907,8,2
"1884_083_Vis2AO_Home2A",233,59,237,7427359,8,3
"1884_083_Vis2AO_Home2A",233,59,237,7429174,4,2
"1884_083_Vis2AO_Home2A",233,59,237,7429636,0,5
"1884_083_Vis2AO_Home2A",234,60,238,7456201,1,1
"1884_083_Vis2AO_Home2A",234,60,238,7456729,2,2
"1884_083_Vis2AO_Home2A",234,60,238,7456729,0,5
"1884_083_Vis2AO_Home2A",235,60,239,7476034,1,1
"1884_083_Vis2AO_Home2A",235,60,239,7476463,0,5
"1884_083_Vis2AO_Home2A",235,60,239,7476463,2,2
"1884_083_Vis2AO_Home2A",236,60,240,7495570,1,1
"1884_083_Vis2AO_Home2A",236,60,240,7496131,2,2
"1884_083_Vis2AO_Home2A",236,60,240,7496131,0,5
"1884_083_Vis2AO_Home2A",237,60,241,7516426,1,1
"1884_083_Vis2AO_Home2A",237,60,241,7516888,10,4
"1884_083_Vis2AO_Home2A",237,60,241,7518967,255,16
"1884_083_Vis2AO_Home2A",237,60,241,7519660,7,2
"1884_083_Vis2AO_Home2A",237,60,241,7521442,7,3
"1884_083_Vis2AO_Home2A",237,60,241,7522762,6,2
"1884_083_Vis2AO_Home2A",237,60,241,7523290,0,5
"1884_083_Vis2AO_Home2A",238,61,242,7559986,1,1
"1884_083_Vis2AO_Home2A",238,61,242,7560382,10,4
"1884_083_Vis2AO_Home2A",238,61,242,7560547,0,5
"1884_083_Vis2AO_Home2A",239,61,243,7586485,1,1
"1884_083_Vis2AO_Home2A",239,61,243,7587046,0,5
"1884_083_Vis2AO_Home2A",239,61,243,7587046,2,2
"1884_083_Vis2AO_Home2A",240,61,244,7613347,1,1
"1884_083_Vis2AO_Home2A",240,61,244,7613743,10,4
"1884_083_Vis2AO_Home2A",240,61,244,7613842,0,5
"1884_083_Vis2AO_Home2A",241,61,245,7662088,1,1
"1884_083_Vis2AO_Home2A",241,61,245,7662484,10,4
"1884_083_Vis2AO_Home2A",241,61,245,7662550,255,16
"1884_083_Vis2AO_Home2A",241,61,245,7663408,255,16
"1884_083_Vis2AO_Home2A",241,61,245,7664068,255,16
"1884_083_Vis2AO_Home2A",241,61,245,7664497,6,2
"1884_083_Vis2AO_Home2A",241,61,245,7664992,6,3
"1884_083_Vis2AO_Home2A",241,61,245,7665454,4,2
"1884_083_Vis2AO_Home2A",241,61,245,7666180,0,5
"1884_083_Vis2AO_Home2A",242,62,246,7838869,1,1
"1884_083_Vis2AO_Home2A",242,62,246,7839397,2,2
"1884_083_Vis2AO_Home2A",242,62,246,7839397,0,5
"1884_083_Vis2AO_Home2A",243,62,247,7854511,1,1
"1884_083_Vis2AO_Home2A",243,62,247,7855072,0,5
"1884_083_Vis2AO_Home2A",243,62,247,7855072,2,2
"1884_083_Vis2AO_Home2A",244,62,248,7876423,1,1
"1884_083_Vis2AO_Home2A",244,62,248,7876885,0,5
"1884_083_Vis2AO_Home2A",244,62,248,7876885,2,2
"1884_083_Vis2AO_Home2A",245,62,249,7894376,1,1
"1884_083_Vis2AO_Home2A",245,62,249,7894871,10,4
"1884_083_Vis2AO_Home2A",245,62,249,7899392,5,2
"1884_083_Vis2AO_Home2A",245,62,249,7899491,0,5
"1884_083_Vis2AO_Home2A",246,63,250,7928993,1,1
"1884_083_Vis2AO_Home2A",246,63,250,7929488,10,4
"1884_083_Vis2AO_Home2A",246,63,250,7933316,7,2
"1884_083_Vis2AO_Home2A",246,63,250,7933877,0,5
"1884_083_Vis2AO_Home2A",247,64,251,7960706,1,1
"1884_083_Vis2AO_Home2A",247,64,251,7961201,0,5
"1884_083_Vis2AO_Home2A",247,64,251,7961201,2,2
"1884_083_Vis2AO_Home2A",248,64,252,7976480,1,1
"1884_083_Vis2AO_Home2A",248,64,252,7977008,2,2
"1884_083_Vis2AO_Home2A",248,64,252,7977008,0,5
"1884_083_Vis2AO_Home2A",249,64,253,7997237,1,1
"1884_083_Vis2AO_Home2A",249,64,253,7997699,2,2
"1884_083_Vis2AO_Home2A",249,64,253,7997699,0,5
"1884_083_Vis2AO_Home2A",250,64,254,8016410,1,1
"1884_083_Vis2AO_Home2A",250,64,254,8016905,10,4
"1884_083_Vis2AO_Home2A",250,64,254,8016938,0,5
"1884_083_Vis2AO_Home2A",251,64,255,8041655,1,1
"1884_083_Vis2AO_Home2A",251,64,255,8042051,10,4
"1884_083_Vis2AO_Home2A",251,64,255,8046506,255,16
"1884_083_Vis2AO_Home2A",251,64,255,8047265,255,10
"1884_083_Vis2AO_Home2A",251,64,255,8048486,8,2
"1884_083_Vis2AO_Home2A",251,64,255,8049377,8,3
"1884_083_Vis2AO_Home2A",251,64,255,8051324,4,2
"1884_083_Vis2AO_Home2A",251,64,255,8051918,0,5
"1884_083_Vis2AO_Home2A",252,65,256,8098283,1,1
"1884_083_Vis2AO_Home2A",252,65,256,8098844,2,2
"1884_083_Vis2AO_Home2A",252,65,256,8098844,0,5
"1884_083_Vis2AO_Home2A",253,65,257,8115146,1,1
"1884_083_Vis2AO_Home2A",253,65,257,8115674,0,5
"1884_083_Vis2AO_Home2A",253,65,257,8115674,2,2
"1884_083_Vis2AO_Home2A",254,65,258,8135936,1,1
"1884_083_Vis2AO_Home2A",254,65,258,8136398,2,2
"1884_083_Vis2AO_Home2A",254,65,258,8136398,0,5
"1884_083_Vis2AO_Home2A",255,65,259,8155835,1,1
"1884_083_Vis2AO_Home2A",255,65,259,8156363,2,2
"1884_083_Vis2AO_Home2A",255,65,259,8156363,0,5
"1884_083_Vis2AO_Home2A",256,65,260,8180387,1,1
"1884_083_Vis2AO_Home2A",256,65,260,8180816,10,4
"1884_083_Vis2AO_Home2A",256,65,260,8186393,255,16
"1884_083_Vis2AO_Home2A",256,65,260,8186657,255,10
"1884_083_Vis2AO_Home2A",256,65,260,8187977,255,16
"1884_083_Vis2AO_Home2A",256,65,260,8188241,8,2
"1884_083_Vis2AO_Home2A",256,65,260,8189462,8,3
"1884_083_Vis2AO_Home2A",256,65,260,8191112,6,2
"1884_083_Vis2AO_Home2A",256,65,260,8192696,6,3
"1884_083_Vis2AO_Home2A",256,65,260,8194049,3,2
"1884_083_Vis2AO_Home2A",256,65,260,8194214,0,5
"1884_083_Vis2AO_Home2A",257,66,261,8230679,1,1
"1884_083_Vis2AO_Home2A",257,66,261,8231108,10,4
"1884_083_Vis2AO_Home2A",257,66,261,8236124,9,2
"1884_083_Vis2AO_Home2A",257,66,261,8236289,0,5
"1884_083_Vis2AO_Home2A",258,67,262,8382215,1,1
"1884_083_Vis2AO_Home2A",258,67,262,8382776,2,2
"1884_083_Vis2AO_Home2A",258,67,262,8382776,0,5
"1884_083_Vis2AO_Home2A",259,67,263,8394623,1,1
"1884_083_Vis2AO_Home2A",259,67,263,8395184,0,5
"1884_083_Vis2AO_Home2A",259,67,263,8395184,2,2
"1884_083_Vis2AO_Home2A",260,67,264,8408384,1,1
"1884_083_Vis2AO_Home2A",260,67,264,8408813,10,4
"1884_083_Vis2AO_Home2A",260,67,264,8412839,8,2
"1884_083_Vis2AO_Home2A",260,67,264,8413070,0,5
"1884_083_Vis2AO_Home2A",261,68,265,8439602,1,1
"1884_083_Vis2AO_Home2A",261,68,265,8440163,0,5
"1884_083_Vis2AO_Home2A",261,68,265,8440163,2,2
"1884_083_Vis2AO_Home2A",262,68,266,8452340,1,1
"1884_083_Vis2AO_Home2A",262,68,266,8452901,0,5
"1884_083_Vis2AO_Home2A",262,68,266,8452901,2,2
"1884_083_Vis2AO_Home2A",263,68,267,8467586,1,1
"1884_083_Vis2AO_Home2A",263,68,267,8468081,2,2
"1884_083_Vis2AO_Home2A",263,68,267,8468081,0,5
"1884_083_Vis2AO_Home2A",264,68,268,8483525,1,1
"1884_083_Vis2AO_Home2A",264,68,268,8484086,10,4
"1884_083_Vis2AO_Home2A",264,68,268,8484119,0,5
"1884_083_Vis2AO_Home2A",265,68,269,8502830,1,1
"1884_083_Vis2AO_Home2A",265,68,269,8503292,10,4
"1884_083_Vis2AO_Home2A",265,68,269,8503490,255,16
"1884_083_Vis2AO_Home2A",265,68,269,8503919,255,16
"1884_083_Vis2AO_Home2A",265,68,269,8504282,255,16
"1884_083_Vis2AO_Home2A",265,68,269,8504546,255,16
"1884_083_Vis2AO_Home2A",265,68,269,8504777,255,16
"1884_083_Vis2AO_Home2A",265,68,269,8505107,4,9
"1884_083_Vis2AO_Home2A",265,68,269,8505371,255,16
"1884_083_Vis2AO_Home2A",265,68,269,8505734,255,16
"1884_083_Vis2AO_Home2A",265,68,269,8506031,255,16
"1884_083_Vis2AO_Home2A",265,68,269,8509034,9,2
"1884_083_Vis2AO_Home2A",265,68,269,8510453,0,5
"1884_083_Vis2AO_Home2A",266,69,270,8539460,1,1
"1884_083_Vis2AO_Home2A",266,69,270,8539955,0,5
"1884_083_Vis2AO_Home2A",266,69,270,8539955,2,2
"1884_083_Vis2AO_Home2A",267,69,271,8555696,1,1
"1884_083_Vis2AO_Home2A",267,69,271,8556125,10,4
"1884_083_Vis2AO_Home2A",267,69,271,8556191,0,5
"1884_083_Vis2AO_Home2A",268,69,272,8579522,1,1
"1884_083_Vis2AO_Home2A",268,69,272,8579951,10,4
"1884_083_Vis2AO_Home2A",268,69,272,8580413,255,16
"1884_083_Vis2AO_Home2A",268,69,272,8580842,255,16
"1884_083_Vis2AO_Home2A",268,69,272,8581271,255,16
"1884_083_Vis2AO_Home2A",268,69,272,8581667,255,16
"1884_083_Vis2AO_Home2A",268,69,272,8582162,255,16
"1884_083_Vis2AO_Home2A",268,69,272,8582591,255,16
"1884_083_Vis2AO_Home2A",268,69,272,8582888,255,16
"1884_083_Vis2AO_Home2A",268,69,272,8583152,255,16
"1884_083_Vis2AO_Home2A",268,69,272,8583482,255,16
"1884_083_Vis2AO_Home2A",268,69,272,8583713,255,16
"1884_083_Vis2AO_Home2A",268,69,272,8583977,255,16
"1884_083_Vis2AO_Home2A",268,69,272,8584307,255,16
"1884_083_Vis2AO_Home2A",268,69,272,8584802,9,2
"1884_083_Vis2AO_Home2A",268,69,272,8586089,9,3
"1884_083_Vis2AO_Home2A",268,69,272,8587607,255,16
"1884_083_Vis2AO_Home2A",268,69,272,8588003,4,2
"1884_083_Vis2AO_Home2A",268,69,272,8588201,0,5
"1884_083_Vis2AO_Home2A",269,70,273,8620541,1,1
"1884_083_Vis2AO_Home2A",269,70,273,8621069,2,2
"1884_083_Vis2AO_Home2A",269,70,273,8621069,0,5
"1884_083_Vis2AO_Home2A",270,70,274,8638988,1,1
"1884_083_Vis2AO_Home2A",270,70,274,8639483,10,4
"1884_083_Vis2AO_Home2A",270,70,274,8641001,255,16
"1884_083_Vis2AO_Home2A",270,70,274,8641628,6,2
"1884_083_Vis2AO_Home2A",270,70,274,8642255,6,3
"1884_083_Vis2AO_Home2A",270,70,274,8642750,4,2
"1884_083_Vis2AO_Home2A",270,70,274,8643179,4,3
"1884_083_Vis2AO_Home2A",270,70,274,8643938,3,2
"1884_083_Vis2AO_Home2A",270,70,274,8644268,0,5
"1884_083_Vis2AO_Home2A",271,71,275,8676509,1,1
"1884_083_Vis2AO_Home2A",271,71,275,8677037,0,5
"1884_083_Vis2AO_Home2A",271,71,275,8677037,2,2
"1884_083_Vis2AO_Home2A",272,71,276,8695715,1,1
"1884_083_Vis2AO_Home2A",272,71,276,8696177,10,4
"1884_083_Vis2AO_Home2A",272,71,276,8696408,255,16
"1884_083_Vis2AO_Home2A",272,71,276,8696969,255,16
"1884_083_Vis2AO_Home2A",272,71,276,8697365,3,2
"1884_083_Vis2AO_Home2A",272,71,276,8700005,0,5
"1884_083_Vis2AO_Home2A",273,72,277,8847581,1,1
"1884_083_Vis2AO_Home2A",273,72,277,8848076,0,5
"1884_083_Vis2AO_Home2A",273,72,277,8848076,2,2
"1884_083_Vis2AO_Home2A",274,72,278,8865170,1,1
"1884_083_Vis2AO_Home2A",274,72,278,8865599,10,4
"1884_083_Vis2AO_Home2A",274,72,278,8865698,0,5
"1884_083_Vis2AO_Home2A",275,72,279,8887842,1,1
"1884_083_Vis2AO_Home2A",275,72,279,8888337,10,4
"1884_083_Vis2AO_Home2A",275,72,279,8888436,0,5
"1884_083_Vis2AO_Home2A",276,72,280,8921172,1,1
"1884_083_Vis2AO_Home2A",276,72,280,8921700,0,5
"1884_083_Vis2AO_Home2A",276,72,280,8921700,2,2
"1884_083_Vis2AO_Home2A",277,72,281,8942457,1,1
"1884_083_Vis2AO_Home2A",277,72,281,8942985,0,5
"1884_083_Vis2AO_Home2A",277,72,281,8942985,2,2
"1884_083_Vis2AO_Home2A",278,73,282,8974632,1,1
"1884_083_Vis2AO_Home2A",278,73,282,8975028,10,4
"1884_083_Vis2AO_Home2A",278,73,282,8975226,0,5
"1884_083_Vis2AO_Home2A",279,73,283,9000075,1,1
"1884_083_Vis2AO_Home2A",279,73,283,9000603,0,5
"1884_083_Vis2AO_Home2A",279,73,283,9000603,2,2
"1884_083_Vis2AO_Home2A",280,73,284,9021327,1,1
"1884_083_Vis2AO_Home2A",280,73,284,9021756,10,4
"1884_083_Vis2AO_Home2A",280,73,284,9021822,0,5
"1884_083_Vis2AO_Home2A",281,73,285,9044328,1,1
"1884_083_Vis2AO_Home2A",281,73,285,9044757,10,4
"1884_083_Vis2AO_Home2A",281,73,285,9044889,0,5
"1884_083_Vis2AO_Home2A",282,73,286,9072312,1,1
"1884_083_Vis2AO_Home2A",282,73,286,9072873,2,2
"1884_083_Vis2AO_Home2A",282,73,286,9072873,0,5
"1884_083_Vis2AO_Home2A",283,74,287,9103200,1,1
"1884_083_Vis2AO_Home2A",283,74,287,9103761,0,5
"1884_083_Vis2AO_Home2A",283,74,287,9103761,2,2
"1884_083_Vis2AO_Home2A",284,74,288,9118974,1,1
"1884_083_Vis2AO_Home2A",284,74,288,9119502,2,2
"1884_083_Vis2AO_Home2A",284,74,288,9119502,0,5
"1884_083_Vis2AO_Home2A",285,74,289,9137520,1,1
"1884_083_Vis2AO_Home2A",285,74,289,9137949,10,4
"1884_083_Vis2AO_Home2A",285,74,289,9137982,255,16
"1884_083_Vis2AO_Home2A",285,74,289,9139632,255,16
"1884_083_Vis2AO_Home2A",285,74,289,9140259,255,16
"1884_083_Vis2AO_Home2A",285,74,289,9140754,1,2
"1884_083_Vis2AO_Home2A",285,74,289,9141414,1,3
"1884_083_Vis2AO_Home2A",285,74,289,9141942,3,2
"1884_083_Vis2AO_Home2A",285,74,289,9142041,0,5
"1884_083_Vis2AO_Home2A",286,75,290,9282621,1,1
"1884_083_Vis2AO_Home2A",286,75,290,9283149,2,2
"1884_083_Vis2AO_Home2A",286,75,290,9283149,0,5
"1884_083_Vis2AO_Home2A",287,75,291,9295656,1,1
"1884_083_Vis2AO_Home2A",287,75,291,9296151,0,5
"1884_083_Vis2AO_Home2A",287,75,291,9296151,2,2
"1884_083_Vis2AO_Home2A",288,75,292,9312321,1,1
"1884_083_Vis2AO_Home2A",288,75,292,9312816,2,2
"1884_083_Vis2AO_Home2A",288,75,292,9312816,0,5
"1884_083_Vis2AO_Home2A",289,75,293,9328656,1,1
"1884_083_Vis2AO_Home2A",289,75,293,9329085,10,4
"1884_083_Vis2AO_Home2A",289,75,293,9329283,255,16
"1884_083_Vis2AO_Home2A",289,75,293,9330240,255,16
"1884_083_Vis2AO_Home2A",289,75,293,9330933,255,16
"1884_083_Vis2AO_Home2A",289,75,293,9331296,6,2
"1884_083_Vis2AO_Home2A",289,75,293,9332286,6,3
"1884_083_Vis2AO_Home2A",289,75,293,9333342,3,2
"1884_083_Vis2AO_Home2A",289,75,293,9333474,0,5
"1884_083_Vis2AO_Home2A",290,76,294,9360567,1,1
"1884_083_Vis2AO_Home2A",290,76,294,9361062,2,2
"1884_083_Vis2AO_Home2A",290,76,294,9361062,0,5
"1884_083_Vis2AO_Home2A",291,76,295,9373833,1,1
"1884_083_Vis2AO_Home2A",291,76,295,9374361,0,5
"1884_083_Vis2AO_Home2A",291,76,295,9374361,2,2
"1884_083_Vis2AO_Home2A",292,76,296,9388188,1,1
"1884_083_Vis2AO_Home2A",292,76,296,9388749,0,5
"1884_083_Vis2AO_Home2A",292,76,296,9388749,2,2
"1884_083_Vis2AO_Home2A",293,76,297,9403269,1,1
"1884_083_Vis2AO_Home2A",293,76,297,9403698,10,4
"1884_083_Vis2AO_Home2A",293,76,297,9403830,0,5
"1884_083_Vis2AO_Home2A",294,76,298,9421848,1,1
"1884_083_Vis2AO_Home2A",294,76,298,9422409,2,2
"1884_083_Vis2AO_Home2A",294,76,298,9422409,0,5
"1884_083_Vis2AO_Home2A",295,77,299,9449931,1,1
"1884_083_Vis2AO_Home2A",295,77,299,9450360,10,4
"1884_083_Vis2AO_Home2A",295,77,299,9454419,255,16
"1884_083_Vis2AO_Home2A",295,77,299,9455475,255,16
"1884_083_Vis2AO_Home2A",295,77,299,9455772,255,10
"1884_083_Vis2AO_Home2A",295,77,299,9456234,255,16
"1884_083_Vis2AO_Home2A",295,77,299,9458709,9,2
"1884_083_Vis2AO_Home2A",295,77,299,9459732,9,3
"1884_083_Vis2AO_Home2A",295,77,299,9461547,4,2
"1884_083_Vis2AO_Home2A",295,77,299,9462405,0,5
"1884_083_Vis2AO_Home2A",296,78,300,9490884,1,1
"1884_083_Vis2AO_Home2A",296,78,300,9491379,2,2
"1884_083_Vis2AO_Home2A",296,78,300,9491379,0,5
"1884_083_Vis2AO_Home2A",297,78,301,9509034,1,1
"1884_083_Vis2AO_Home2A",297,78,301,9509496,10,4
"1884_083_Vis2AO_Home2A",297,78,301,9516096,7,2
"1884_083_Vis2AO_Home2A",297,78,301,9516261,0,5
