"game_str","play_id","timestamp","ball_position_x","ball_position_y","ball_position_z"
"1883_002_Vis1AB_Home1A",1,22112,0.891828,54.1203,5.55345
"1883_002_Vis1AB_Home1A",1,22162,0.940503,47.5086,5.28546
"1883_002_Vis1AB_Home1A",1,22212,0.957876,40.9689,4.95912
"1883_002_Vis1AB_Home1A",1,22262,0.943944,34.5012,4.5744
"1883_002_Vis1AB_Home1A",1,22312,0.89871,28.10607,4.13136
"1883_002_Vis1AB_Home1A",1,22362,0.822174,21.78303,3.62997
"1883_002_Vis1AB_Home1A",1,22412,0.714333,15.53214,3.07023
"1883_002_Vis1AB_Home1A",1,22462,0.57519,9.35343,2.45214
"1883_002_Vis1AB_Home1A",1,22512,0.404742,3.24696,1.7757
"1883_002_Vis1AB_Home1A",1,22562,0.2029923,-2.78733,1.04091
"1883_002_Vis1AB_Home1A",2,37312,1.506402,57.252,5.96679
"1883_002_Vis1AB_Home1A",2,37362,1.322154,50.6193,5.61819
"1883_002_Vis1AB_Home1A",2,37412,1.165536,44.0517,5.24064
"1883_002_Vis1AB_Home1A",2,37462,1.036548,37.5492,4.83414
"1883_002_Vis1AB_Home1A",2,37512,0.935187,31.1115,4.39869
"1883_002_Vis1AB_Home1A",2,37562,0.861459,24.73929,3.93426
"1883_002_Vis1AB_Home1A",2,37612,0.815361,18.43206,3.44088
"1883_002_Vis1AB_Home1A",2,37662,0.79689,12.1899,2.918541
"1883_002_Vis1AB_Home1A",2,37712,0.806052,6.01281,2.367237
"1883_002_Vis1AB_Home1A",2,37762,0.842841,-0.0991722,1.78698
"1883_002_Vis1AB_Home1A",2,37812,0.907263,-6.14604,1.177764
"1883_002_Vis1AB_Home1A",3,53662,1.303857,52.1457,5.61369
"1883_002_Vis1AB_Home1A",3,53712,1.265091,45.5154,5.21142
"1883_002_Vis1AB_Home1A",3,53762,1.250127,38.9649,4.74645
"1883_002_Vis1AB_Home1A",3,53812,1.258965,32.4939,4.21875
"1883_002_Vis1AB_Home1A",3,53862,1.291599,26.10246,3.62835
"1883_002_Vis1AB_Home1A",3,53912,1.348035,19.79067,2.975214
"1883_002_Vis1AB_Home1A",3,53962,1.42827,13.55841,2.259354
"1883_002_Vis1AB_Home1A",3,54012,1.532304,7.4058,1.480776
"1883_002_Vis1AB_Home1A",3,54062,1.66014,1.332759,0.639474
"1883_002_Vis1AB_Home1A",3,54112,1.811775,-4.66068,-0.2645487
"1883_002_Vis1AB_Home1A",4,68512,1.469388,51.9978,5.5893
"1883_002_Vis1AB_Home1A",4,68562,1.37196,45.3612,5.25078
"1883_002_Vis1AB_Home1A",4,68612,1.29918,38.8125,4.84887
"1883_002_Vis1AB_Home1A",4,68662,1.251051,32.3514,4.38363
"1883_002_Vis1AB_Home1A",4,68712,1.22757,25.97787,3.85497
"1883_002_Vis1AB_Home1A",4,68762,1.22874,19.69206,3.26298
"1883_002_Vis1AB_Home1A",4,68812,1.254561,13.49397,2.607594
"1883_002_Vis1AB_Home1A",4,68862,1.30503,7.38354,1.888845
"1883_002_Vis1AB_Home1A",4,68912,1.380147,1.360782,1.106727
"1883_002_Vis1AB_Home1A",4,68962,1.479918,-4.57431,0.261231
"1883_002_Vis1AB_Home1A",5,87462,1.412694,57.9432,6.02814
"1883_002_Vis1AB_Home1A",5,87512,1.214208,51.2367,5.76972
"1883_002_Vis1AB_Home1A",5,87562,1.040268,44.619,5.46852
"1883_002_Vis1AB_Home1A",5,87612,0.890871,38.0904,5.12454
"1883_002_Vis1AB_Home1A",5,87662,0.766017,31.6509,4.73778
"1883_002_Vis1AB_Home1A",5,87712,0.665709,25.2999,4.30824
"1883_002_Vis1AB_Home1A",5,87762,0.589944,19.03794,3.83592
"1883_002_Vis1AB_Home1A",5,87812,0.538722,12.86493,3.32079
"1883_002_Vis1AB_Home1A",5,87862,0.512043,6.78078,2.762919
"1883_002_Vis1AB_Home1A",5,87912,0.509907,0.785562,2.162256
"1883_002_Vis1AB_Home1A",5,87962,-3.1806,5.3673,-0.0369
"1883_002_Vis1AB_Home1A",5,88012,-1.619046,4.64877,2.123916
"1883_002_Vis1AB_Home1A",5,88062,-2.307717,5.92017,3.06549
"1883_002_Vis1AB_Home1A",5,88112,-2.994201,7.18569,3.92301
"1883_002_Vis1AB_Home1A",5,88162,-3.67851,8.44533,4.69644
"1883_002_Vis1AB_Home1A",5,88212,-4.36062,9.69909,5.38581
"1883_002_Vis1AB_Home1A",5,88262,-5.04054,10.94697,5.99106
"1883_002_Vis1AB_Home1A",5,88312,-5.71827,12.18897,6.51225
"1883_002_Vis1AB_Home1A",5,88362,-6.39381,13.42509,6.94938
"1883_002_Vis1AB_Home1A",5,88412,-7.06719,14.65533,7.30242
"1883_002_Vis1AB_Home1A",5,88462,-7.73835,15.87969,7.57137
"1883_002_Vis1AB_Home1A",5,88512,-8.40735,17.09817,7.75623
"1883_002_Vis1AB_Home1A",5,88562,-9.07413,18.31074,7.85703
"1883_002_Vis1AB_Home1A",5,88612,-9.73875,19.51746,7.87377
"1883_002_Vis1AB_Home1A",5,88662,-10.40118,20.7183,7.80639
"1883_002_Vis1AB_Home1A",5,88712,-11.06142,21.91323,7.65495
"1883_002_Vis1AB_Home1A",5,88762,-11.71947,23.10231,7.41945
"1883_002_Vis1AB_Home1A",5,88812,-12.37533,24.28548,7.09983
"1883_002_Vis1AB_Home1A",5,88862,-13.02903,25.4628,6.69615
"1883_002_Vis1AB_Home1A",5,88912,-13.68051,26.63421,6.20841
"1883_002_Vis1AB_Home1A",5,88962,-14.32983,27.79977,5.63658
"1883_002_Vis1AB_Home1A",5,89012,-14.97693,28.95942,4.98066
"1883_002_Vis1AB_Home1A",5,89062,-15.62187,30.1131,4.24065
"1883_002_Vis1AB_Home1A",5,89112,-16.26462,31.2612,3.41658
"1883_002_Vis1AB_Home1A",5,89162,-16.90515,32.403,2.508432
"1883_002_Vis1AB_Home1A",5,89212,-17.54352,33.5391,1.516197
"1883_002_Vis1AB_Home1A",5,89262,-18.17973,34.6695,0.439887
"1883_002_Vis1AB_Home1A",5,89312,-18.73068,35.586,0.384366
"1883_002_Vis1AB_Home1A",5,89362,-19.2915,36.5628,0.735378
"1883_002_Vis1AB_Home1A",5,89412,-19.85163,37.5369,1.006197
"1883_002_Vis1AB_Home1A",5,89462,-20.41113,38.5092,1.19682
"1883_002_Vis1AB_Home1A",5,89512,-20.96997,39.4791,1.307244
"1883_002_Vis1AB_Home1A",5,89562,-21.52815,40.4466,1.337475
"1883_002_Vis1AB_Home1A",5,89612,-22.08567,41.412,1.28751
"1883_002_Vis1AB_Home1A",5,89662,-22.64253,42.375,1.157352
"1883_002_Vis1AB_Home1A",5,89712,-23.19873,43.3359,0.946995
"1883_002_Vis1AB_Home1A",5,89762,-23.75427,44.2947,0.656445
"1883_002_Vis1AB_Home1A",5,89812,-24.30918,45.2511,0.2856984
"1883_002_Vis1AB_Home1A",5,89862,-24.73449,46.2105,0.300942
"1883_002_Vis1AB_Home1A",5,89912,-25.23657,47.1003,0.41964
"1883_002_Vis1AB_Home1A",5,89962,-25.73409,47.9709,0.495273
"1883_002_Vis1AB_Home1A",5,90012,-26.22708,48.8226,0.527841
"1883_002_Vis1AB_Home1A",5,90062,-26.71554,49.6551,0.517344
"1883_002_Vis1AB_Home1A",5,90112,-27.1995,50.4687,0.463779
"1883_002_Vis1AB_Home1A",5,90162,-27.6789,51.2631,0.367152
"1883_002_Vis1AB_Home1A",5,90212,-28.1538,52.0383,0.2274558
"1883_002_Vis1AB_Home1A",5,90262,-28.60983,52.9533,0.357348
"1883_002_Vis1AB_Home1A",5,90312,-29.03235,53.7861,0.397923
"1883_002_Vis1AB_Home1A",5,90362,-29.47026,54.5502,0.331092
"1883_002_Vis1AB_Home1A",5,90412,-29.92359,55.2453,0.1568502
"1883_002_Vis1AB_Home1A",5,90462,-30.3924,55.8717,-0.1248012
"1883_002_Vis1AB_Home1A",5,90512,-30.7863,56.7333,0.2537043
"1883_002_Vis1AB_Home1A",5,90562,-31.131,57.4704,0.340626
"1883_002_Vis1AB_Home1A",5,90612,-31.3803,58.3665,0.2633466
"1883_002_Vis1AB_Home1A",5,90662,-31.5348,59.421,0.0218655
"1883_002_Vis1AB_Home1A",5,90712,-31.5939,60.6342,-0.38382
"1883_002_Vis1AB_Home1A",5,90762,-31.5576,62.0061,-0.953703
"1883_002_Vis1AB_Home1A",5,91262,-26.77809,52.3704,4.48389
"1883_002_Vis1AB_Home1A",5,91312,-21.62502,53.049,5.25405
"1883_002_Vis1AB_Home1A",5,91362,-16.51536,53.7087,5.94432
"1883_002_Vis1AB_Home1A",5,91412,-11.44914,54.3492,6.5547
"1883_002_Vis1AB_Home1A",5,91462,-6.42633,54.9708,7.08522
"1883_002_Vis1AB_Home1A",5,91512,-1.446942,55.5732,7.53588
"1883_002_Vis1AB_Home1A",5,91562,3.489,56.1564,7.90662
"1883_002_Vis1AB_Home1A",5,91612,8.38155,56.7207,8.19753
"1883_002_Vis1AB_Home1A",5,91662,13.23066,57.2658,8.40852
"1883_002_Vis1AB_Home1A",5,91712,18.03636,57.792,8.53965
"1883_002_Vis1AB_Home1A",5,91762,22.79862,58.299,8.59089
"1883_002_Vis1AB_Home1A",5,91812,27.51744,58.7868,8.56224
"1883_002_Vis1AB_Home1A",5,91862,32.193,59.2557,8.45373
"1883_002_Vis1AB_Home1A",5,91912,36.825,59.7054,8.26536
"1883_002_Vis1AB_Home1A",5,91962,41.4135,60.1362,7.99707
"1883_002_Vis1AB_Home1A",5,92012,45.9585,60.5478,7.64892
"1883_002_Vis1AB_Home1A",5,92062,50.4603,60.9402,7.22091
"1883_002_Vis1AB_Home1A",5,92112,54.9186,61.3137,6.71298
"1883_002_Vis1AB_Home1A",5,92162,59.3334,61.6683,6.12522
"1883_002_Vis1AB_Home1A",6,135012,1.408818,52.1394,5.64186
"1883_002_Vis1AB_Home1A",6,135062,1.274631,45.5388,5.26062
"1883_002_Vis1AB_Home1A",6,135112,1.156215,39.0471,4.84059
"1883_002_Vis1AB_Home1A",6,135162,1.053576,32.6646,4.38174
"1883_002_Vis1AB_Home1A",6,135212,0.966705,26.39079,3.88407
"1883_002_Vis1AB_Home1A",6,135262,0.895608,20.22609,3.34761
"1883_002_Vis1AB_Home1A",6,135312,0.840285,14.17044,2.772357
"1883_002_Vis1AB_Home1A",6,135362,0.800733,8.22375,2.158284
"1883_002_Vis1AB_Home1A",6,135412,0.776952,2.386098,1.505406
"1883_002_Vis1AB_Home1A",6,135462,0.768945,-3.3426,0.813717
"1883_002_Vis1AB_Home1A",7,157362,1.330293,53.5536,5.64879
"1883_002_Vis1AB_Home1A",7,157412,1.217952,46.944,5.50875
"1883_002_Vis1AB_Home1A",7,157462,1.133391,40.3998,5.31399
"1883_002_Vis1AB_Home1A",7,157512,1.076604,33.921,5.06454
"1883_002_Vis1AB_Home1A",7,157562,1.047597,27.50742,4.76037
"1883_002_Vis1AB_Home1A",7,157612,1.046367,21.15936,4.40151
"1883_002_Vis1AB_Home1A",7,157662,1.072914,14.87664,3.98796
"1883_002_Vis1AB_Home1A",7,157712,1.127238,8.65932,3.51972
"1883_002_Vis1AB_Home1A",7,157762,1.209339,2.507406,2.996778
"1883_002_Vis1AB_Home1A",7,157812,1.319217,-3.57912,2.419137
"1883_002_Vis1AB_Home1A",8,181412,1.46247,57.4905,5.83434
"1883_002_Vis1AB_Home1A",8,181462,1.320753,50.958,5.65509
"1883_002_Vis1AB_Home1A",8,181512,1.200054,44.4834,5.43009
"1883_002_Vis1AB_Home1A",8,181562,1.100367,38.067,5.1594
"1883_002_Vis1AB_Home1A",8,181612,1.021695,31.7088,4.84296
"1883_002_Vis1AB_Home1A",8,181662,0.964038,25.40856,4.4808
"1883_002_Vis1AB_Home1A",8,181712,0.927396,19.16634,4.07295
"1883_002_Vis1AB_Home1A",8,181762,0.911769,12.98223,3.61935
"1883_002_Vis1AB_Home1A",8,181812,0.917157,6.85614,3.12003
"1883_002_Vis1AB_Home1A",8,181862,0.94356,0.788112,2.575011
"1883_002_Vis1AB_Home1A",9,210562,1.685223,57.6012,6.16245
"1883_002_Vis1AB_Home1A",9,210612,1.664439,52.0179,6.12123
"1883_002_Vis1AB_Home1A",9,210662,1.647327,46.4721,6.01653
"1883_002_Vis1AB_Home1A",9,210712,1.633893,40.9632,5.84835
"1883_002_Vis1AB_Home1A",9,210762,1.624134,35.4918,5.61675
"1883_002_Vis1AB_Home1A",9,210812,1.61805,30.0579,5.3217
"1883_002_Vis1AB_Home1A",9,210862,1.615644,24.66105,4.96317
"1883_002_Vis1AB_Home1A",9,210912,1.616913,19.30161,4.54119
"1883_002_Vis1AB_Home1A",9,210962,1.62186,13.97946,4.05579
"1883_002_Vis1AB_Home1A",9,211012,1.630479,8.69463,3.50691
"1883_002_Vis1AB_Home1A",9,211062,1.642776,3.44712,2.894571
"1883_002_Vis1AB_Home1A",9,211112,1.658751,-1.763082,2.218788
"1883_002_Vis1AB_Home1A",9,211162,1.678398,-6.93597,1.479549
"1883_002_Vis1AB_Home1A",10,232262,3.27138,61.9206,6.71244
"1883_002_Vis1AB_Home1A",10,232312,8.02569,61.8189,6.90867
"1883_002_Vis1AB_Home1A",10,232362,12.74547,61.7328,7.04685
"1883_002_Vis1AB_Home1A",10,232412,17.43075,61.662,7.12692
"1883_002_Vis1AB_Home1A",10,232462,22.08153,61.6068,7.14891
"1883_002_Vis1AB_Home1A",10,232512,26.69778,61.5669,7.11279
"1883_002_Vis1AB_Home1A",10,232562,31.2795,61.5423,7.01862
"1883_002_Vis1AB_Home1A",10,232612,35.8266,61.5333,6.86637
"1883_002_Vis1AB_Home1A",10,232662,40.3395,61.5399,6.65604
"1883_002_Vis1AB_Home1A",10,232712,44.8176,61.5618,6.3876
"1883_002_Vis1AB_Home1A",10,232762,49.2612,61.599,6.06111
"1883_002_Vis1AB_Home1A",10,232812,53.6706,61.6518,5.67651
"1883_002_Vis1AB_Home1A",10,232862,58.0452,61.7199,5.23383
"1883_002_Vis1AB_Home1A",10,232912,62.3853,61.8033,4.7331
"1883_002_Vis1AB_Home1A",11,251212,-1.999644,62.6766,6.81432
"1883_002_Vis1AB_Home1A",11,251262,2.628627,62.4666,6.92463
"1883_002_Vis1AB_Home1A",11,251312,7.22409,62.2635,6.97407
"1883_002_Vis1AB_Home1A",11,251362,11.78673,62.0673,6.9627
"1883_002_Vis1AB_Home1A",11,251412,16.31655,61.8783,6.89049
"1883_002_Vis1AB_Home1A",11,251462,20.81358,61.6959,6.75744
"1883_002_Vis1AB_Home1A",11,251512,25.27776,61.521,6.56358
"1883_002_Vis1AB_Home1A",11,251562,29.70915,61.3527,6.30888
"1883_002_Vis1AB_Home1A",11,251612,34.1076,61.1916,5.99334
"1883_002_Vis1AB_Home1A",11,251662,38.4735,61.0377,5.61696
"1883_002_Vis1AB_Home1A",11,251712,42.8064,60.8904,5.17977
"1883_002_Vis1AB_Home1A",11,251762,47.1066,60.7503,4.68174
"1883_002_Vis1AB_Home1A",11,251812,51.3738,60.6174,4.1229
"1883_002_Vis1AB_Home1A",11,251862,55.6083,60.4914,3.50319
"1883_002_Vis1AB_Home1A",11,251912,59.8101,60.3723,2.822676
"1883_002_Vis1AB_Home1A",12,274912,1.677252,55.0014,5.69484
"1883_002_Vis1AB_Home1A",12,274962,1.477371,48.4275,5.53683
"1883_002_Vis1AB_Home1A",12,275012,1.312983,41.9223,5.32254
"1883_002_Vis1AB_Home1A",12,275062,1.184082,35.4861,5.052
"1883_002_Vis1AB_Home1A",12,275112,1.090674,29.1189,4.72515
"1883_002_Vis1AB_Home1A",12,275162,1.032753,22.82055,4.34202
"1883_002_Vis1AB_Home1A",12,275212,1.010325,16.59105,3.90261
"1883_002_Vis1AB_Home1A",12,275262,1.023384,10.43046,3.40695
"1883_002_Vis1AB_Home1A",12,275312,1.071936,4.33878,2.854992
"1883_002_Vis1AB_Home1A",12,275362,3.09561,4.55538,3.23517
"1883_002_Vis1AB_Home1A",12,275412,6.60456,8.83947,3.95559
"1883_002_Vis1AB_Home1A",12,275462,10.10211,13.06374,4.58967
"1883_002_Vis1AB_Home1A",12,275512,13.5882,17.22813,5.13738
"1883_002_Vis1AB_Home1A",12,275562,17.06289,21.33267,5.59878
"1883_002_Vis1AB_Home1A",12,275612,20.52618,25.37739,5.97384
"1883_002_Vis1AB_Home1A",12,275662,23.97804,29.36226,6.26256
"1883_002_Vis1AB_Home1A",12,275712,27.4185,33.2874,6.46497
"1883_002_Vis1AB_Home1A",12,275762,30.8475,37.1526,6.58101
"1883_002_Vis1AB_Home1A",12,275812,34.2651,40.9578,6.61071
"1883_002_Vis1AB_Home1A",12,275862,37.6713,44.7033,6.5541
"1883_002_Vis1AB_Home1A",12,275912,41.0661,48.3888,6.41112
"1883_002_Vis1AB_Home1A",12,275962,44.4495,52.0146,6.18183
"1883_002_Vis1AB_Home1A",12,276012,47.8215,55.5807,5.8662
"1883_002_Vis1AB_Home1A",12,276062,51.1821,59.0868,5.46423
"1883_002_Vis1AB_Home1A",12,276112,54.531,62.5329,4.97592
"1883_002_Vis1AB_Home1A",12,276162,57.8688,65.9196,4.40127
"1883_002_Vis1AB_Home1A",13,307912,1.257648,56.739,5.89977
"1883_002_Vis1AB_Home1A",13,307962,1.354698,50.118,5.55828
"1883_002_Vis1AB_Home1A",13,308012,1.446963,43.5561,5.16627
"1883_002_Vis1AB_Home1A",13,308062,1.534443,37.053,4.72368
"1883_002_Vis1AB_Home1A",13,308112,1.617135,30.6087,4.23054
"1883_002_Vis1AB_Home1A",13,308162,1.695045,24.22335,3.68685
"1883_002_Vis1AB_Home1A",13,308212,1.76817,17.89662,3.09261
"1883_002_Vis1AB_Home1A",13,308262,1.83651,11.62875,2.447799
"1883_002_Vis1AB_Home1A",13,308312,1.900065,5.41965,1.752444
"1883_002_Vis1AB_Home1A",13,308362,1.958835,-0.730614,1.006536
"1883_002_Vis1AB_Home1A",13,308412,2.01282,-6.82209,0.2100711
"1883_002_Vis1AB_Home1A",14,325812,1.458237,52.2384,5.61699
"1883_002_Vis1AB_Home1A",14,325862,1.369596,45.5367,5.31699
"1883_002_Vis1AB_Home1A",14,325912,1.325196,38.9367,4.97124
"1883_002_Vis1AB_Home1A",14,325962,1.32504,32.4387,4.57977
"1883_002_Vis1AB_Home1A",14,326012,1.369128,26.04249,4.14258
"1883_002_Vis1AB_Home1A",14,326062,1.457457,19.74804,3.65967
"1883_002_Vis1AB_Home1A",14,326112,1.59003,13.55541,3.13104
"1883_002_Vis1AB_Home1A",14,326162,1.766844,7.46457,2.556672
"1883_002_Vis1AB_Home1A",14,326212,1.987902,1.475481,1.936581
"1883_002_Vis1AB_Home1A",14,326262,2.253204,-4.41177,1.270767
"1883_002_Vis1AB_Home1A",15,346962,1.472799,57.6726,5.85831
"1883_002_Vis1AB_Home1A",15,347012,1.246992,51.0123,5.57841
"1883_002_Vis1AB_Home1A",15,347062,1.042107,44.427,5.26044
"1883_002_Vis1AB_Home1A",15,347112,0.858147,37.917,4.90437
"1883_002_Vis1AB_Home1A",15,347162,0.695112,31.482,4.51026
"1883_002_Vis1AB_Home1A",15,347212,0.553002,25.12218,4.07805
"1883_002_Vis1AB_Home1A",15,347262,0.431814,18.83745,3.60774
"1883_002_Vis1AB_Home1A",15,347312,0.331551,12.62781,3.09939
"1883_002_Vis1AB_Home1A",15,347362,0.2522124,6.49326,2.552931
"1883_002_Vis1AB_Home1A",15,347412,0.1937976,0.433812,1.968405
"1883_002_Vis1AB_Home1A",16,369262,1.684572,55.1712,5.69286
"1883_002_Vis1AB_Home1A",16,369312,1.60356,49.1922,5.69253
"1883_002_Vis1AB_Home1A",16,369362,1.529724,43.2678,5.63433
"1883_002_Vis1AB_Home1A",16,369412,1.463061,37.398,5.51829
"1883_002_Vis1AB_Home1A",16,369462,1.403574,31.5828,5.34444
"1883_002_Vis1AB_Home1A",16,369512,1.35126,25.82238,5.11272
"1883_002_Vis1AB_Home1A",16,369562,1.306122,20.11647,4.82316
"1883_002_Vis1AB_Home1A",16,369612,1.268157,14.46513,4.47576
"1883_002_Vis1AB_Home1A",16,369662,1.237368,8.86842,4.07052
"1883_002_Vis1AB_Home1A",16,369712,1.213752,3.32631,3.60744
"1883_002_Vis1AB_Home1A",16,369762,1.197312,-2.1612,3.08652
"1883_002_Vis1AB_Home1A",16,369812,1.188045,-7.59408,2.507748
"1883_002_Vis1AB_Home1A",17,385862,1.615185,57.1038,5.88495
"1883_002_Vis1AB_Home1A",17,385912,1.508388,50.5002,5.59668
"1883_002_Vis1AB_Home1A",17,385962,1.424502,43.9707,5.26755
"1883_002_Vis1AB_Home1A",17,386012,1.363527,37.515,4.8975
"1883_002_Vis1AB_Home1A",17,386062,1.325466,31.1328,4.48659
"1883_002_Vis1AB_Home1A",17,386112,1.310319,24.82473,4.03479
"1883_002_Vis1AB_Home1A",17,386162,1.318083,18.59028,3.54213
"1883_002_Vis1AB_Home1A",17,386212,1.348758,12.4296,3.00855
"1883_002_Vis1AB_Home1A",17,386262,1.402347,6.34272,2.434092
"1883_002_Vis1AB_Home1A",17,386312,1.47885,0.329649,1.818756
"1883_002_Vis1AB_Home1A",17,386362,1.578264,-5.60967,1.162533
"1883_002_Vis1AB_Home1A",18,421262,1.758711,57.1659,5.88249
"1883_002_Vis1AB_Home1A",18,421312,1.5915,50.649,5.60934
"1883_002_Vis1AB_Home1A",18,421362,1.462488,44.1996,5.30172
"1883_002_Vis1AB_Home1A",18,421412,1.371672,37.8174,4.95963
"1883_002_Vis1AB_Home1A",18,421462,1.319055,31.5024,4.5831
"1883_002_Vis1AB_Home1A",18,421512,1.304637,25.25454,4.17207
"1883_002_Vis1AB_Home1A",18,421562,1.328415,19.07409,3.7266
"1883_002_Vis1AB_Home1A",18,421612,1.390389,12.9609,3.24666
"1883_002_Vis1AB_Home1A",18,421662,1.490562,6.91497,2.732268
"1883_002_Vis1AB_Home1A",18,421712,1.628934,0.936294,2.183403
"1883_002_Vis1AB_Home1A",18,421762,1.805502,-4.97511,1.60008
"1883_002_Vis1AB_Home1A",19,442262,1.619601,55.4316,5.56857
"1883_002_Vis1AB_Home1A",19,442312,1.695606,49.479,5.4336
"1883_002_Vis1AB_Home1A",19,442362,1.762917,43.5984,5.22435
"1883_002_Vis1AB_Home1A",19,442412,1.821534,37.7904,4.94088
"1883_002_Vis1AB_Home1A",19,442462,1.871457,32.0544,4.58319
"1883_002_Vis1AB_Home1A",19,442512,1.912686,26.3907,4.15122
"1883_002_Vis1AB_Home1A",19,442562,1.945218,20.79924,3.64503
"1883_002_Vis1AB_Home1A",19,442612,1.969059,15.28002,3.06459
"1883_002_Vis1AB_Home1A",19,442662,1.984203,9.83304,2.409903
"1883_002_Vis1AB_Home1A",19,442712,1.990656,4.45824,1.680972
"1883_002_Vis1AB_Home1A",19,442762,1.988412,-0.84426,0.877803
"1883_002_Vis1AB_Home1A",19,442812,1.977474,-6.07455,0.000387015
"1883_002_Vis1AB_Home1A",20,463362,1.456926,54.5538,5.68143
"1883_002_Vis1AB_Home1A",20,463412,1.394532,47.9064,5.54781
"1883_002_Vis1AB_Home1A",20,463462,1.356315,41.3466,5.37012
"1883_002_Vis1AB_Home1A",20,463512,1.342269,34.8747,5.14839
"1883_002_Vis1AB_Home1A",20,463562,1.352397,28.49061,4.88253
"1883_002_Vis1AB_Home1A",20,463612,1.386699,22.19445,4.57263
"1883_002_Vis1AB_Home1A",20,463662,1.445175,15.98616,4.21866
"1883_002_Vis1AB_Home1A",20,463712,1.527825,9.86568,3.82062
"1883_002_Vis1AB_Home1A",20,463762,1.634646,3.8331,3.37848
"1883_002_Vis1AB_Home1A",20,463812,1.765644,-2.111619,2.892291
"1883_002_Vis1AB_Home1A",21,493712,1.344531,52.0674,5.54166
"1883_002_Vis1AB_Home1A",21,493762,1.043703,45.5325,5.29707
"1883_002_Vis1AB_Home1A",21,493812,0.774405,39.0834,5.0019
"1883_002_Vis1AB_Home1A",21,493862,0.536631,32.7198,4.65612
"1883_002_Vis1AB_Home1A",21,493912,0.330387,26.44176,4.25976
"1883_002_Vis1AB_Home1A",21,493962,0.155667,20.2494,3.81279
"1883_002_Vis1AB_Home1A",21,494012,0.01247571,14.14272,3.31524
"1883_002_Vis1AB_Home1A",21,494062,-0.0991887,8.12166,2.767113
"1883_002_Vis1AB_Home1A",21,494112,-0.1793262,2.186232,2.168382
"1883_002_Vis1AB_Home1A",21,494162,-0.2279367,-3.66357,1.519056
"1883_002_Vis1AB_Home1A",22,512012,1.736115,55.5663,5.81133
"1883_002_Vis1AB_Home1A",22,512062,1.424745,49.0401,5.54361
"1883_002_Vis1AB_Home1A",22,512112,1.147161,42.5778,5.24154
"1883_002_Vis1AB_Home1A",22,512162,0.903354,36.1794,4.90515
"1883_002_Vis1AB_Home1A",22,512212,0.69333,29.84481,4.53438
"1883_002_Vis1AB_Home1A",22,512262,0.517089,23.5743,4.12932
"1883_002_Vis1AB_Home1A",22,512312,0.374628,17.36769,3.68988
"1883_002_Vis1AB_Home1A",22,512362,0.2659467,11.22501,3.21612
"1883_002_Vis1AB_Home1A",22,512412,0.1910481,5.14626,2.707995
"1883_002_Vis1AB_Home1A",22,512462,0.1499304,-0.868578,2.165538
"1883_002_Vis1AB_Home1A",22,512512,-0.712284,8.42226,5.9385
"1883_002_Vis1AB_Home1A",22,512562,-1.350516,15.2817,10.25508
"1883_002_Vis1AB_Home1A",22,512612,-1.965804,21.99723,14.45085
"1883_002_Vis1AB_Home1A",22,512662,-2.558547,28.5711,18.52689
"1883_002_Vis1AB_Home1A",22,512712,-3.12915,35.0058,22.48431
"1883_002_Vis1AB_Home1A",22,512762,-3.67803,41.3034,26.32416
"1883_002_Vis1AB_Home1A",22,512812,-4.20555,47.466,30.0474
"1883_002_Vis1AB_Home1A",22,512862,-4.71216,53.4966,33.6555
"1883_002_Vis1AB_Home1A",22,512912,-5.19825,59.397,37.1493
"1883_002_Vis1AB_Home1A",22,512962,-5.66424,65.1693,40.53
"1883_002_Vis1AB_Home1A",22,513012,-6.11049,70.8165,43.7985
"1883_002_Vis1AB_Home1A",22,513062,-6.53745,76.3404,46.956
"1883_002_Vis1AB_Home1A",22,513112,-6.94548,81.7434,50.0034
"1883_002_Vis1AB_Home1A",22,513162,-7.33503,87.0276,52.9425
"1883_002_Vis1AB_Home1A",22,513212,-7.70646,92.196,55.7736
"1883_002_Vis1AB_Home1A",22,513262,-8.06022,97.2501,58.4979
"1883_002_Vis1AB_Home1A",22,513312,-8.39667,102.1926,61.1169
"1883_002_Vis1AB_Home1A",22,513362,-8.71626,107.0256,63.6315
"1883_002_Vis1AB_Home1A",22,513412,-9.01935,111.7518,66.0426
"1883_002_Vis1AB_Home1A",22,513462,-9.30636,116.3733,68.3514
"1883_002_Vis1AB_Home1A",22,513512,-9.57771,120.8922,70.5591
"1883_002_Vis1AB_Home1A",22,513562,-9.83379,125.3109,72.6669
"1883_002_Vis1AB_Home1A",22,513612,-10.07499,129.6318,74.6754
"1883_002_Vis1AB_Home1A",22,513662,-10.30173,133.8573,76.5864
"1883_002_Vis1AB_Home1A",22,513712,-10.51443,137.9895,78.4005
"1883_002_Vis1AB_Home1A",22,513762,-10.71345,142.0308,80.1186
"1883_002_Vis1AB_Home1A",22,513812,-10.89924,145.9833,81.7425
"1883_002_Vis1AB_Home1A",22,513862,-11.07219,149.8497,83.2728
"1883_002_Vis1AB_Home1A",22,513912,-11.23272,153.6321,84.7104
"1883_002_Vis1AB_Home1A",22,513962,-11.38119,157.3329,86.0571
"1883_002_Vis1AB_Home1A",22,514012,-11.51802,160.9542,87.3132
"1883_002_Vis1AB_Home1A",22,514062,-11.64363,164.4984,88.4802
"1883_002_Vis1AB_Home1A",22,514112,-11.75841,167.9676,89.5593
"1883_002_Vis1AB_Home1A",22,514162,-11.86278,171.3648,90.5514
"1883_002_Vis1AB_Home1A",22,514212,-11.95713,174.6915,91.4577
"1883_002_Vis1AB_Home1A",22,514262,-12.04188,177.9504,92.2791
"1883_002_Vis1AB_Home1A",22,514312,-12.11742,181.1436,93.0168
"1883_002_Vis1AB_Home1A",22,514362,-12.18414,184.2738,93.672
"1883_002_Vis1AB_Home1A",22,514412,-12.24246,187.3428,94.2459
"1883_002_Vis1AB_Home1A",22,514462,-12.2928,190.3533,94.7391
"1883_002_Vis1AB_Home1A",22,514512,-12.33555,193.3074,95.1531
"1883_002_Vis1AB_Home1A",22,514562,-12.3711,196.2075,95.4888
"1883_002_Vis1AB_Home1A",22,514612,-12.3999,199.056,95.7474
"1883_002_Vis1AB_Home1A",22,514662,-12.42228,201.855,95.9301
"1883_002_Vis1AB_Home1A",22,514712,-12.43872,204.6069,96.0378
"1883_002_Vis1AB_Home1A",22,514762,-12.44958,207.3138,96.0717
"1883_002_Vis1AB_Home1A",22,514812,-12.45525,209.9781,96.0327
"1883_002_Vis1AB_Home1A",22,514862,-12.45618,212.6025,95.922
"1883_002_Vis1AB_Home1A",22,514912,-12.45276,215.1888,95.7408
"1883_002_Vis1AB_Home1A",22,514962,-12.44535,217.7397,95.4903
"1883_002_Vis1AB_Home1A",22,515012,-12.43443,220.2573,95.1711
"1883_002_Vis1AB_Home1A",22,515062,-12.42036,222.7437,94.785
"1883_002_Vis1AB_Home1A",22,515112,-12.40353,225.2016,94.3323
"1883_002_Vis1AB_Home1A",22,515162,-12.38436,227.6331,93.8148
"1883_002_Vis1AB_Home1A",22,515212,-12.36327,230.0403,93.2331
"1883_002_Vis1AB_Home1A",22,515262,-12.34065,232.4259,92.5887
"1883_002_Vis1AB_Home1A",22,515312,-12.31689,234.792,91.8822
"1883_002_Vis1AB_Home1A",22,515362,-12.29244,237.141,91.1151
"1883_002_Vis1AB_Home1A",22,515412,-12.26766,239.4753,90.2883
"1883_002_Vis1AB_Home1A",22,515462,-12.24294,241.7967,89.403
"1883_002_Vis1AB_Home1A",22,515512,-12.21876,244.1082,88.4601
"1883_002_Vis1AB_Home1A",22,515562,-12.19545,246.4116,87.4611
"1883_002_Vis1AB_Home1A",22,515612,-12.17343,248.7093,86.4066
"1883_002_Vis1AB_Home1A",22,515662,-12.15312,251.0037,85.2981
"1883_002_Vis1AB_Home1A",22,515712,-12.13491,253.2972,84.1365
"1883_002_Vis1AB_Home1A",22,515762,-12.11925,255.5919,82.9227
"1883_002_Vis1AB_Home1A",22,515812,-12.10647,257.8902,81.6582
"1883_002_Vis1AB_Home1A",22,515862,-12.09702,260.1942,80.3436
"1883_002_Vis1AB_Home1A",22,515912,-12.09129,262.5066,78.9807
"1883_002_Vis1AB_Home1A",22,515962,-12.0897,264.8295,77.5698
"1883_002_Vis1AB_Home1A",22,516012,-12.09264,267.1653,76.1124
"1883_002_Vis1AB_Home1A",22,516062,-12.1005,269.5161,74.6097
"1883_002_Vis1AB_Home1A",22,516112,-12.1137,271.8843,73.0626
"1883_002_Vis1AB_Home1A",22,516162,-12.13266,274.2723,71.4723
"1883_002_Vis1AB_Home1A",22,516212,-12.15777,276.6822,69.84
"1883_002_Vis1AB_Home1A",22,516262,-12.18945,279.1164,68.1663
"1883_002_Vis1AB_Home1A",22,516312,-12.22806,281.5773,66.4527
"1883_002_Vis1AB_Home1A",22,516362,-12.27402,284.0673,64.7004
"1883_002_Vis1AB_Home1A",22,516412,-12.32778,286.5882,62.91
"1883_002_Vis1AB_Home1A",22,516462,-12.3897,289.143,61.0833
"1883_002_Vis1AB_Home1A",22,516512,-12.46017,291.7335,59.2206
"1883_002_Vis1AB_Home1A",22,516562,-12.53964,294.3621,57.3237
"1883_002_Vis1AB_Home1A",22,516612,-12.6285,297.0312,55.3932
"1883_002_Vis1AB_Home1A",22,516662,-12.72714,299.7432,53.4303
"1883_002_Vis1AB_Home1A",22,516712,-12.83595,302.499,51.4362
"1883_002_Vis1AB_Home1A",22,516762,-12.95538,305.304,49.4121
"1883_002_Vis1AB_Home1A",22,516812,-13.08579,308.16,47.3589
"1883_002_Vis1AB_Home1A",22,516862,-13.2276,311.064,45.2775
"1883_002_Vis1AB_Home1A",22,516912,-13.38123,314.025,43.1694
"1883_002_Vis1AB_Home1A",22,516962,-13.54707,317.043,41.0355
"1883_002_Vis1AB_Home1A",22,517012,-13.72551,320.118,38.877
"1883_002_Vis1AB_Home1A",22,517062,-13.917,323.256,36.6951
"1883_002_Vis1AB_Home1A",22,517112,-14.12187,326.457,34.4904
"1883_002_Vis1AB_Home1A",22,517162,-14.3406,329.721,32.2644
"1883_002_Vis1AB_Home1A",22,517212,-14.57355,333.057,30.018
"1883_002_Vis1AB_Home1A",22,517262,-14.82114,336.462,27.75234
"1883_002_Vis1AB_Home1A",22,517312,-15.08376,339.939,25.46862
"1883_002_Vis1AB_Home1A",22,517362,-15.36183,343.491,23.16789
"1883_002_Vis1AB_Home1A",22,517412,-15.65577,347.121,20.8512
"1883_002_Vis1AB_Home1A",22,517462,-15.96594,350.832,18.51966
"1883_002_Vis1AB_Home1A",22,517512,-16.29276,354.624,16.17435
"1883_002_Vis1AB_Home1A",22,517562,-16.63665,358.5,13.81638
"1883_002_Vis1AB_Home1A",22,517612,-16.998,362.463,11.44683
"1883_002_Vis1AB_Home1A",22,517662,-17.3772,366.513,9.06681
"1883_002_Vis1AB_Home1A",22,517712,-17.7747,370.656,6.6774
"1883_002_Vis1AB_Home1A",23,683612,1.964133,56.1624,6.2238
"1883_002_Vis1AB_Home1A",23,683662,1.635324,49.7997,6.05883
"1883_002_Vis1AB_Home1A",23,683712,1.332156,43.5063,5.84802
"1883_002_Vis1AB_Home1A",23,683762,1.054638,37.2822,5.59137
"1883_002_Vis1AB_Home1A",23,683812,0.802767,31.1274,5.28888
"1883_002_Vis1AB_Home1A",23,683862,0.576543,25.0422,4.94055
"1883_002_Vis1AB_Home1A",23,683912,0.375966,19.02624,4.54635
"1883_002_Vis1AB_Home1A",23,683962,0.2010315,13.07958,4.10631
"1883_002_Vis1AB_Home1A",23,684012,0.0517458,7.20231,3.62043
"1883_002_Vis1AB_Home1A",23,684062,-0.0718935,1.3944,3.08871
"1883_002_Vis1AB_Home1A",23,684112,-0.1698864,-4.34415,2.51115
"1883_002_Vis1AB_Home1A",24,696012,2.115783,53.646,5.99853
"1883_002_Vis1AB_Home1A",24,696062,1.824276,47.1954,5.86647
"1883_002_Vis1AB_Home1A",24,696112,1.558305,40.8303,5.68326
"1883_002_Vis1AB_Home1A",24,696162,1.317867,34.5504,5.44887
"1883_002_Vis1AB_Home1A",24,696212,1.102965,28.35609,5.16327
"1883_002_Vis1AB_Home1A",24,696262,0.913596,22.24707,4.82652
"1883_002_Vis1AB_Home1A",24,696312,0.749763,16.22346,4.43856
"1883_002_Vis1AB_Home1A",24,696362,0.611463,10.28517,3.99942
"1883_002_Vis1AB_Home1A",24,696412,0.498699,4.43229,3.50913
"1883_002_Vis1AB_Home1A",24,696462,0.411468,-1.335249,2.967621
"1883_002_Vis1AB_Home1A",25,714612,2.080107,56.505,6.05601
"1883_002_Vis1AB_Home1A",25,714662,1.816569,50.0799,6.07038
"1883_002_Vis1AB_Home1A",25,714712,1.57407,43.7292,6.02565
"1883_002_Vis1AB_Home1A",25,714762,1.352607,37.4529,5.92185
"1883_002_Vis1AB_Home1A",25,714812,1.152183,31.251,5.75892
"1883_002_Vis1AB_Home1A",25,714862,0.972798,25.12359,5.53689
"1883_002_Vis1AB_Home1A",25,714912,0.814449,19.07055,5.25576
"1883_002_Vis1AB_Home1A",25,714962,0.677139,13.09191,4.91553
"1883_002_Vis1AB_Home1A",25,715012,0.560868,7.18773,4.5162
"1883_002_Vis1AB_Home1A",25,715062,0.465633,1.357971,4.05774
"1883_002_Vis1AB_Home1A",26,737112,2.146353,57.3807,6.26496
"1883_002_Vis1AB_Home1A",26,737162,1.903488,50.8752,6.02784
"1883_002_Vis1AB_Home1A",26,737212,1.679751,44.4525,5.75016
"1883_002_Vis1AB_Home1A",26,737262,1.475139,38.1132,5.43195
"1883_002_Vis1AB_Home1A",26,737312,1.289655,31.857,5.07318
"1883_002_Vis1AB_Home1A",26,737362,1.123296,25.68375,4.67388
"1883_002_Vis1AB_Home1A",26,737412,0.976065,19.59366,4.23402
"1883_002_Vis1AB_Home1A",26,737462,0.847962,13.58664,3.7536
"1883_002_Vis1AB_Home1A",26,737512,0.738984,7.66275,3.23265
"1883_002_Vis1AB_Home1A",26,737562,0.649134,1.821975,2.671149
"1883_002_Vis1AB_Home1A",27,760062,2.492547,52.7895,6.26379
"1883_002_Vis1AB_Home1A",27,760112,2.16732,46.839,5.95998
"1883_002_Vis1AB_Home1A",27,760162,1.852281,40.9488,5.60154
"1883_002_Vis1AB_Home1A",27,760212,1.547433,35.1189,5.1885
"1883_002_Vis1AB_Home1A",27,760262,1.252776,29.34948,4.72086
"1883_002_Vis1AB_Home1A",27,760312,0.968307,23.64048,4.19862
"1883_002_Vis1AB_Home1A",27,760362,0.694032,17.99187,3.62178
"1883_002_Vis1AB_Home1A",27,760412,0.429945,12.40365,2.990343
"1883_002_Vis1AB_Home1A",27,760462,0.1760487,6.87579,2.304291
"1883_002_Vis1AB_Home1A",27,760512,-0.0676563,1.408353,1.563639
"1883_002_Vis1AB_Home1A",27,760562,-0.30117,-3.9987,0.768381
"1883_002_Vis1AB_Home1A",28,792512,1.77063,53.388,5.78148
"1883_002_Vis1AB_Home1A",28,792562,1.493667,46.9464,5.65305
"1883_002_Vis1AB_Home1A",28,792612,1.231104,40.569,5.44266
"1883_002_Vis1AB_Home1A",28,792662,0.982947,34.2561,5.15025
"1883_002_Vis1AB_Home1A",28,792712,0.74919,28.00779,4.77585
"1883_002_Vis1AB_Home1A",28,792762,0.529839,21.8238,4.31946
"1883_002_Vis1AB_Home1A",28,792812,0.324891,15.70425,3.78105
"1883_002_Vis1AB_Home1A",28,792862,0.1343457,9.64914,3.16065
"1883_002_Vis1AB_Home1A",28,792912,-0.041796,3.65847,2.458245
"1883_002_Vis1AB_Home1A",28,792962,-0.203535,-2.267832,1.673844
"1883_002_Vis1AB_Home1A",29,804612,2.234148,56.3421,6.20526
"1883_002_Vis1AB_Home1A",29,804662,1.803339,49.7493,5.89401
"1883_002_Vis1AB_Home1A",29,804712,1.419123,43.2378,5.53596
"1883_002_Vis1AB_Home1A",29,804762,1.0815,36.8082,5.13117
"1883_002_Vis1AB_Home1A",29,804812,0.790467,30.4602,4.67958
"1883_002_Vis1AB_Home1A",29,804862,0.54603,24.19374,4.18122
"1883_002_Vis1AB_Home1A",29,804912,0.348186,18.00894,3.63606
"1883_002_Vis1AB_Home1A",29,804962,0.1969341,11.90574,3.04416
"1883_002_Vis1AB_Home1A",29,805012,0.0922752,5.88423,2.405454
"1883_002_Vis1AB_Home1A",29,805062,0.0342093,-0.0556716,1.719978
"1883_002_Vis1AB_Home1A",29,805112,0.1869,10.07475,0.03795
"1883_002_Vis1AB_Home1A",29,805162,-0.0918,18.7329,0.0759
"1883_002_Vis1AB_Home1A",29,805212,0.324126,23.91672,1.175616
"1883_002_Vis1AB_Home1A",29,805262,0.440412,29.46345,1.986072
"1883_002_Vis1AB_Home1A",29,805312,0.526005,34.9065,2.680026
"1883_002_Vis1AB_Home1A",29,805362,0.580902,40.2459,3.25749
"1883_002_Vis1AB_Home1A",29,805412,0.605103,45.4815,3.71844
"1883_002_Vis1AB_Home1A",29,805462,0.598608,50.6133,4.06287
"1883_002_Vis1AB_Home1A",29,805512,0.56142,55.6413,4.29081
"1883_002_Vis1AB_Home1A",29,805562,0.1570125,54.2427,2.8185
"1883_002_Vis1AB_Home1A",29,805612,0.333225,54.6441,2.469
"1883_002_Vis1AB_Home1A",29,805662,0.509436,55.0455,2.1195
"1883_002_Vis1AB_Home1A",29,805712,0.68565,55.4469,1.77
"1883_002_Vis1AB_Home1A",29,805762,0.861864,55.848,1.4205
"1883_002_Vis1AB_Home1A",29,805812,1.038075,56.2494,1.071
"1883_002_Vis1AB_Home1A",29,805862,1.214289,56.6508,0.7215
"1883_002_Vis1AB_Home1A",29,805912,1.3905,57.0522,0.372
"1883_002_Vis1AB_Home1A",29,805962,1.407912,57.1101,0.358221
"1883_002_Vis1AB_Home1A",29,806012,1.425321,57.168,0.344445
"1883_002_Vis1AB_Home1A",29,806062,1.442733,57.2259,0.330666
"1883_002_Vis1AB_Home1A",29,806112,1.460145,57.2838,0.31689
"1883_002_Vis1AB_Home1A",29,806162,1.477557,57.3417,0.303111
"1883_002_Vis1AB_Home1A",29,806212,1.494966,57.3996,0.2893332
"1883_002_Vis1AB_Home1A",29,806262,1.512378,57.4572,0.2755554
"1883_002_Vis1AB_Home1A",29,806312,1.52979,57.5151,0.2617779
"1883_002_Vis1AB_Home1A",29,806362,1.547199,57.573,0.2480001
"1883_002_Vis1AB_Home1A",29,806412,1.564611,57.6309,0.2342223
"1883_002_Vis1AB_Home1A",29,806462,1.582023,57.6888,0.2204445
"1883_002_Vis1AB_Home1A",29,806512,1.599432,57.7467,0.2066667
"1883_002_Vis1AB_Home1A",29,806562,1.616844,57.8046,0.1928889
"1883_002_Vis1AB_Home1A",29,806612,1.634256,57.8625,0.1791111
"1883_002_Vis1AB_Home1A",29,806662,1.651668,57.9204,0.1653333
"1883_002_Vis1AB_Home1A",29,806712,1.669077,57.9783,0.1515555
"1883_002_Vis1AB_Home1A",29,806762,1.686489,58.0362,0.1377777
"1883_002_Vis1AB_Home1A",29,806812,1.703901,58.0941,0.1239999
"1883_002_Vis1AB_Home1A",29,806862,1.72131,58.152,0.1102221
"1883_002_Vis1AB_Home1A",29,806912,1.738722,58.2099,0.0964446
"1883_002_Vis1AB_Home1A",29,806962,1.756134,58.2675,0.0826665
"1883_002_Vis1AB_Home1A",29,807012,1.773543,58.3254,0.068889
"1883_002_Vis1AB_Home1A",29,807062,1.790955,58.3833,0.0551112
"1883_002_Vis1AB_Home1A",29,807112,1.808367,58.4412,0.0413334
"1883_002_Vis1AB_Home1A",29,807162,1.825779,58.4991,0.0275556
"1883_002_Vis1AB_Home1A",29,807212,1.843188,58.557,0.01377777
"1883_002_Vis1AB_Home1A",29,807262,1.8606,58.6149,0
"1883_002_Vis1AB_Home1A",29,808012,7.42308,60.1842,5.58426
"1883_002_Vis1AB_Home1A",29,808062,11.37855,60.4248,5.87574
"1883_002_Vis1AB_Home1A",29,808112,15.30309,60.6627,6.09693
"1883_002_Vis1AB_Home1A",29,808162,19.19673,60.8973,6.2478
"1883_002_Vis1AB_Home1A",29,808212,23.05941,61.1286,6.32841
"1883_002_Vis1AB_Home1A",29,808262,26.89116,61.3572,6.33873
"1883_002_Vis1AB_Home1A",29,808312,30.6921,61.5825,6.27873
"1883_002_Vis1AB_Home1A",29,808362,34.4619,61.8048,6.14847
"1883_002_Vis1AB_Home1A",29,808412,38.2008,62.0238,5.94792
"1883_002_Vis1AB_Home1A",29,808462,41.9088,62.2401,5.67705
"1883_002_Vis1AB_Home1A",29,808512,45.5859,62.4531,5.33592
"1883_002_Vis1AB_Home1A",29,808562,49.2321,62.6628,4.9245
"1883_002_Vis1AB_Home1A",29,808612,52.8471,62.8698,4.44279
"1883_002_Vis1AB_Home1A",29,808662,56.4315,63.0735,3.89076
"1883_002_Vis1AB_Home1A",29,808712,59.9847,63.2739,3.26847
"1883_002_Vis1AB_Home1A",30,896162,2.025288,53.6142,6.27513
"1883_002_Vis1AB_Home1A",30,896212,1.785804,47.0049,6.08637
"1883_002_Vis1AB_Home1A",30,896262,1.571592,40.4853,5.85876
"1883_002_Vis1AB_Home1A",30,896312,1.382652,34.0548,5.59227
"1883_002_Vis1AB_Home1A",30,896362,1.218981,27.7137,5.2869
"1883_002_Vis1AB_Home1A",30,896412,1.080579,21.462,4.94271
"1883_002_Vis1AB_Home1A",30,896462,0.967449,15.29961,4.55961
"1883_002_Vis1AB_Home1A",30,896512,0.879591,9.22662,4.13769
"1883_002_Vis1AB_Home1A",30,896562,0.817005,3.243,3.67689
"1883_002_Vis1AB_Home1A",30,896612,0.779688,-2.651256,3.17721
"1883_002_Vis1AB_Home1A",31,910512,2.077506,53.7963,5.83464
"1883_002_Vis1AB_Home1A",31,910562,1.675209,47.7387,5.60931
"1883_002_Vis1AB_Home1A",31,910612,1.301316,41.757,5.31537
"1883_002_Vis1AB_Home1A",31,910662,0.95583,35.8509,4.95288
"1883_002_Vis1AB_Home1A",31,910712,0.638751,30.0207,4.52181
"1883_002_Vis1AB_Home1A",31,910762,0.350076,24.26652,4.02216
"1883_002_Vis1AB_Home1A",31,910812,0.0898092,18.58809,3.45393
"1883_002_Vis1AB_Home1A",31,910862,-0.1420524,12.9855,2.817159
"1883_002_Vis1AB_Home1A",31,910912,-0.345507,7.45878,2.111802
"1883_002_Vis1AB_Home1A",31,910962,-0.520557,2.00787,1.337868
"1883_002_Vis1AB_Home1A",31,911012,-0.667203,-3.36717,0.495369
"1883_002_Vis1AB_Home1A",32,927662,2.021079,53.5674,5.89926
"1883_002_Vis1AB_Home1A",32,927712,1.699062,47.6469,5.6361
"1883_002_Vis1AB_Home1A",32,927762,1.406817,41.7867,5.32212
"1883_002_Vis1AB_Home1A",32,927812,1.144341,35.9871,4.95735
"1883_002_Vis1AB_Home1A",32,927862,0.911634,30.2478,4.54179
"1883_002_Vis1AB_Home1A",32,927912,0.708696,24.5688,4.07541
"1883_002_Vis1AB_Home1A",32,927962,0.535527,18.95028,3.55821
"1883_002_Vis1AB_Home1A",32,928012,0.392127,13.39224,2.990247
"1883_002_Vis1AB_Home1A",32,928062,0.2784981,7.89459,2.37147
"1883_002_Vis1AB_Home1A",32,928112,0.1946373,2.457381,1.701888
"1883_002_Vis1AB_Home1A",32,928162,0.981633,5.6829,2.678703
"1883_002_Vis1AB_Home1A",32,928212,-2.513628,9.89865,4.54767
"1883_002_Vis1AB_Home1A",32,928262,-5.91528,13.98603,6.3051
"1883_002_Vis1AB_Home1A",32,928312,-9.22743,17.94996,7.95282
"1883_002_Vis1AB_Home1A",32,928362,-12.4542,21.79527,9.49266
"1883_002_Vis1AB_Home1A",32,928412,-15.5997,25.52691,10.92639
"1883_002_Vis1AB_Home1A",32,928462,-18.66804,29.14971,12.2559
"1883_002_Vis1AB_Home1A",32,928512,-21.6633,32.6685,13.48296
"1883_002_Vis1AB_Home1A",32,928562,-24.58956,36.0885,14.60937
"1883_002_Vis1AB_Home1A",32,928612,-27.45099,39.414,15.63696
"1883_002_Vis1AB_Home1A",32,928662,-30.2517,42.6504,16.56756
"1883_002_Vis1AB_Home1A",32,928712,-32.9958,45.8025,17.403
"1883_002_Vis1AB_Home1A",32,928762,-35.6871,48.8751,18.14502
"1883_002_Vis1AB_Home1A",32,928812,-38.3301,51.873,18.79551
"1883_002_Vis1AB_Home1A",32,928862,-40.9287,54.801,19.35627
"1883_002_Vis1AB_Home1A",32,928912,-43.4874,57.6645,19.8291
"1883_002_Vis1AB_Home1A",32,928962,-46.0095,60.4677,20.2158
"1883_002_Vis1AB_Home1A",32,929012,-48.4998,63.216,20.51823
"1883_002_Vis1AB_Home1A",32,929062,-50.9622,65.9142,20.73816
"1883_002_Vis1AB_Home1A",32,929112,-53.4009,68.5668,20.87742
"1883_002_Vis1AB_Home1A",32,929162,-55.8198,71.1792,20.93784
"1883_002_Vis1AB_Home1A",32,929212,-58.2228,73.7562,20.92122
"1883_002_Vis1AB_Home1A",32,929262,-60.6147,76.3023,20.82939
"1883_002_Vis1AB_Home1A",32,929312,-62.9991,78.8229,20.66415
"1883_002_Vis1AB_Home1A",32,929362,-65.3799,81.3225,20.42733
"1883_002_Vis1AB_Home1A",32,929412,-67.7619,83.8059,20.1207
"1883_002_Vis1AB_Home1A",32,929462,-70.1487,86.2785,19.74615
"1883_002_Vis1AB_Home1A",32,929512,-72.5445,88.7448,19.30542
"1883_002_Vis1AB_Home1A",32,929562,-74.9535,91.2096,18.8004
"1883_002_Vis1AB_Home1A",32,929612,-77.3796,93.6783,18.23283
"1883_002_Vis1AB_Home1A",32,929662,-79.827,96.1551,17.60457
"1883_002_Vis1AB_Home1A",32,929712,-82.2999,98.6454,16.91742
"1883_002_Vis1AB_Home1A",32,929762,-84.8025,101.154,16.17321
"1883_002_Vis1AB_Home1A",32,929812,-87.3384,103.6854,15.37374
"1883_002_Vis1AB_Home1A",32,929862,-89.9124,106.245,14.52084
"1883_002_Vis1AB_Home1A",32,929912,-92.5281,108.8373,13.61631
"1883_002_Vis1AB_Home1A",32,929962,-95.1897,111.4677,12.66195
"1883_002_Vis1AB_Home1A",32,930012,-97.9017,114.1404,11.65962
"1883_002_Vis1AB_Home1A",32,930062,-100.6674,116.8608,10.61112
"1883_002_Vis1AB_Home1A",32,930112,-103.4916,119.6337,9.51822
"1883_002_Vis1AB_Home1A",32,930162,-106.3782,122.4636,8.38281
"1883_002_Vis1AB_Home1A",32,930212,-109.3314,125.3559,7.20663
"1883_002_Vis1AB_Home1A",32,930262,-112.3551,128.3151,5.99154
"1883_002_Vis1AB_Home1A",32,930312,-115.4532,131.3466,4.73934
"1883_002_Vis1AB_Home1A",32,930362,-118.6305,134.4546,3.45189
"1883_002_Vis1AB_Home1A",32,930412,-121.8906,137.6445,2.130924
"1883_002_Vis1AB_Home1A",32,930462,-125.2377,140.9208,0.778305
"1883_002_Vis1AB_Home1A",32,930512,-128.6757,144.2889,-0.604149
"1883_002_Vis1AB_Home1A",32,930562,-132.2091,147.7533,-2.014632
"1883_002_Vis1AB_Home1A",32,930612,-131.3553,143.5821,-0.2336061
"1883_002_Vis1AB_Home1A",32,930662,-132.138,144.1446,-0.2374125
"1883_002_Vis1AB_Home1A",32,930712,-132.9204,144.7068,-0.2412189
"1883_002_Vis1AB_Home1A",32,930762,-133.7028,145.2693,-0.245025
"1883_002_Vis1AB_Home1A",32,930812,-134.4855,145.8315,-0.2488314
"1883_002_Vis1AB_Home1A",32,930862,-135.2679,146.394,-0.2526375
"1883_002_Vis1AB_Home1A",32,930912,-136.0503,146.9562,-0.2564436
"1883_002_Vis1AB_Home1A",32,930962,-136.833,147.5187,-0.26025
"1883_002_Vis1AB_Home1A",32,931012,-137.6154,148.0809,-0.2640564
"1883_002_Vis1AB_Home1A",32,931062,-138.3978,148.6431,-0.2678625
"1883_002_Vis1AB_Home1A",32,931112,-139.1802,149.2056,-0.2716686
"1883_002_Vis1AB_Home1A",32,931162,-139.9629,149.7678,-0.275475
"1883_002_Vis1AB_Home1A",32,931212,-140.7453,150.3303,-0.2792814
"1883_002_Vis1AB_Home1A",32,931262,-141.5277,150.8925,-0.2830875
"1883_002_Vis1AB_Home1A",32,931312,-142.3104,151.455,-0.2868939
"1883_002_Vis1AB_Home1A",32,931362,-143.0928,152.0172,-0.2907
"1883_002_Vis1AB_Home1A",33,987062,1.744614,55.4745,6.22938
"1883_002_Vis1AB_Home1A",33,987112,1.472424,48.9777,5.84403
"1883_002_Vis1AB_Home1A",33,987162,1.208058,42.5334,5.40384
"1883_002_Vis1AB_Home1A",33,987212,0.95151,36.1422,4.90884
"1883_002_Vis1AB_Home1A",33,987262,0.702786,29.80386,4.359
"1883_002_Vis1AB_Home1A",33,987312,0.461883,23.51847,3.75435
"1883_002_Vis1AB_Home1A",33,987362,0.2288013,17.28594,3.09486
"1883_002_Vis1AB_Home1A",33,987412,0.00354096,11.10636,2.380575
"1883_002_Vis1AB_Home1A",33,987462,-0.2138988,4.97961,1.611447
"1883_002_Vis1AB_Home1A",33,987512,-0.423516,-1.09416,0.787503
"1883_002_Vis1AB_Home1A",33,987562,-0.625311,-7.11504,-0.0912675
"1883_002_Vis1AB_Home1A",34,1004212,2.72781,57.6687,5.92377
"1883_002_Vis1AB_Home1A",34,1004262,2.436288,51.9954,6.10389
"1883_002_Vis1AB_Home1A",34,1004312,2.147166,46.3764,6.1914
"1883_002_Vis1AB_Home1A",34,1004362,1.860438,40.8117,6.18627
"1883_002_Vis1AB_Home1A",34,1004412,1.57611,35.3016,6.08853
"1883_002_Vis1AB_Home1A",34,1004462,1.294176,29.84583,5.89815
"1883_002_Vis1AB_Home1A",34,1004512,1.014642,24.44445,5.61516
"1883_002_Vis1AB_Home1A",34,1004562,0.737505,19.09749,5.23956
"1883_002_Vis1AB_Home1A",34,1004612,0.462762,13.80492,4.77132
"1883_002_Vis1AB_Home1A",34,1004662,0.1904184,8.56677,4.21047
"1883_002_Vis1AB_Home1A",34,1004712,-0.07953,3.38298,3.55698
"1883_002_Vis1AB_Home1A",34,1004762,-0.347079,-1.746384,2.810892
"1883_002_Vis1AB_Home1A",34,1004812,-0.612234,-6.82134,1.97217
"1883_002_Vis1AB_Home1A",35,1025562,1.948668,52.8327,6.19635
"1883_002_Vis1AB_Home1A",35,1025612,1.690704,46.3506,6.02733
"1883_002_Vis1AB_Home1A",35,1025662,1.460514,39.9474,5.8164
"1883_002_Vis1AB_Home1A",35,1025712,1.258098,33.6234,5.56362
"1883_002_Vis1AB_Home1A",35,1025762,1.083456,27.37881,5.26896
"1883_002_Vis1AB_Home1A",35,1025812,0.936591,21.21321,4.93239
"1883_002_Vis1AB_Home1A",35,1025862,0.8175,15.12681,4.55394
"1883_002_Vis1AB_Home1A",35,1025912,0.726183,9.11952,4.13361
"1883_002_Vis1AB_Home1A",35,1025962,0.66264,3.1914,3.6714
"1883_002_Vis1AB_Home1A",35,1026012,0.626874,-2.657574,3.16731
"1883_002_Vis1AB_Home1A",36,1042712,1.994649,55.3269,6.26778
"1883_002_Vis1AB_Home1A",36,1042762,1.64844,48.8799,5.92776
"1883_002_Vis1AB_Home1A",36,1042812,1.305918,42.516,5.54682
"1883_002_Vis1AB_Home1A",36,1042862,0.967086,36.2355,5.12496
"1883_002_Vis1AB_Home1A",36,1042912,0.631941,30.0384,4.66218
"1883_002_Vis1AB_Home1A",36,1042962,0.30048,23.92434,4.15848
"1883_002_Vis1AB_Home1A",36,1043012,-0.02729109,17.89356,3.61386
"1883_002_Vis1AB_Home1A",36,1043062,-0.351375,11.946,3.02832
"1883_002_Vis1AB_Home1A",36,1043112,-0.671769,6.08169,2.401848
"1883_002_Vis1AB_Home1A",36,1043162,-0.988479,0.300636,1.734471
"1883_002_Vis1AB_Home1A",36,1043212,-1.301502,-5.39721,1.026168
"1883_002_Vis1AB_Home1A",37,1062212,2.392608,55.725,5.98512
"1883_002_Vis1AB_Home1A",37,1062262,2.047833,50.0784,5.94081
"1883_002_Vis1AB_Home1A",37,1062312,1.703502,44.4726,5.80584
"1883_002_Vis1AB_Home1A",37,1062362,1.359612,38.9082,5.58018
"1883_002_Vis1AB_Home1A",37,1062412,1.016163,33.3846,5.26386
"1883_002_Vis1AB_Home1A",37,1062462,0.673158,27.90216,4.85682
"1883_002_Vis1AB_Home1A",37,1062512,0.330594,22.46082,4.35912
"1883_002_Vis1AB_Home1A",37,1062562,-0.0115266,17.06055,3.7707
"1883_002_Vis1AB_Home1A",37,1062612,-0.353205,11.70135,3.09162
"1883_002_Vis1AB_Home1A",37,1062662,-0.694443,6.38325,2.321868
"1883_002_Vis1AB_Home1A",37,1062712,-1.035237,1.106178,1.461417
"1883_002_Vis1AB_Home1A",37,1062762,-1.37559,-4.12977,0.510285
"1883_002_Vis1AB_Home1A",38,1082812,2.206806,53.4828,6.11502
"1883_002_Vis1AB_Home1A",38,1082862,2.038737,47.7093,5.94789
"1883_002_Vis1AB_Home1A",38,1082912,1.855824,41.9883,5.6964
"1883_002_Vis1AB_Home1A",38,1082962,1.658064,36.3201,5.36049
"1883_002_Vis1AB_Home1A",38,1083012,1.44546,30.7041,4.94025
"1883_002_Vis1AB_Home1A",38,1083062,1.218009,25.14096,4.43559
"1883_002_Vis1AB_Home1A",38,1083112,0.975711,19.63026,3.8466
"1883_002_Vis1AB_Home1A",38,1083162,0.718569,14.17215,3.17319
"1883_002_Vis1AB_Home1A",38,1083212,0.446577,8.76654,2.415414
"1883_002_Vis1AB_Home1A",38,1083262,0.1597443,3.41352,1.57326
"1883_002_Vis1AB_Home1A",38,1083312,-0.1419357,-1.886922,0.646731
"1883_002_Vis1AB_Home1A",38,1083362,-0.45846,-7.13481,-0.364179
"1883_002_Vis1AB_Home1A",38,1083412,0.423114,-4.40691,0.0482874
"1883_002_Vis1AB_Home1A",38,1083462,0.1766244,-4.41579,0.0458751
"1883_002_Vis1AB_Home1A",38,1083512,-0.0698628,-4.4247,0.0434625
"1883_002_Vis1AB_Home1A",38,1083562,-0.31635,-4.43361,0.0410499
"1883_002_Vis1AB_Home1A",38,1083612,-0.562836,-4.44249,0.0386376
"1883_002_Vis1AB_Home1A",38,1083662,-0.809325,-4.4514,0.036225
"1883_002_Vis1AB_Home1A",38,1083712,-1.055814,-4.46031,0.0338124
"1883_002_Vis1AB_Home1A",38,1083762,-1.3023,-4.46919,0.0314001
"1883_002_Vis1AB_Home1A",38,1083812,-1.548789,-4.4781,0.0289875
"1883_002_Vis1AB_Home1A",38,1083862,-1.795275,-4.48701,0.02657499
"1883_002_Vis1AB_Home1A",38,1083912,-2.041761,-4.49589,0.02416251
"1883_002_Vis1AB_Home1A",38,1083962,-2.28825,-4.5048,0.02175
"1883_002_Vis1AB_Home1A",38,1084012,-2.534739,-4.51371,0.01933749
"1883_002_Vis1AB_Home1A",38,1084062,-2.781225,-4.52259,0.01692501
"1883_002_Vis1AB_Home1A",38,1084112,-3.02772,-4.5315,0.0145125
"1883_002_Vis1AB_Home1A",38,1084162,-3.2742,-4.54041,0.01209999
"1883_002_Vis1AB_Home1A",38,1084212,-3.52068,-4.54929,0.00968748
"1883_002_Vis1AB_Home1A",38,1084262,-3.76719,-4.5582,0.007275
"1883_002_Vis1AB_Home1A",38,1084312,-4.01367,-4.56711,0.00486249
"1883_002_Vis1AB_Home1A",38,1084362,-4.26015,-4.57599,0.002450001
"1883_002_Vis1AB_Home1A",38,1084412,-4.50663,-4.5849,3.75042e-05
"1883_002_Vis1AB_Home1A",38,1084462,-4.75314,-4.59381,-0.002375004
"1883_002_Vis1AB_Home1A",38,1084512,-4.99962,-4.60269,-0.00478749
"1883_002_Vis1AB_Home1A",38,1084562,-5.2461,-4.6116,-0.0072
"1883_002_Vis1AB_Home1A",38,1087062,2.133777,12.99027,5.56248
"1883_002_Vis1AB_Home1A",38,1087112,5.8233,16.39281,5.88453
"1883_002_Vis1AB_Home1A",38,1087162,9.4881,19.74741,6.15123
"1883_002_Vis1AB_Home1A",38,1087212,13.12821,23.0541,6.36258
"1883_002_Vis1AB_Home1A",38,1087262,16.74357,26.31282,6.51861
"1883_002_Vis1AB_Home1A",38,1087312,20.33418,29.52357,6.61932
"1883_002_Vis1AB_Home1A",38,1087362,23.9001,32.6865,6.66468
"1883_002_Vis1AB_Home1A",38,1087412,27.44127,35.8014,6.65469
"1883_002_Vis1AB_Home1A",38,1087462,30.9576,38.8683,6.58938
"1883_002_Vis1AB_Home1A",38,1087512,34.4496,41.8872,6.46875
"1883_002_Vis1AB_Home1A",38,1087562,37.9164,44.8584,6.29277
"1883_002_Vis1AB_Home1A",38,1087612,41.3586,47.7816,6.06144
"1883_002_Vis1AB_Home1A",38,1087662,44.7762,50.6568,5.77479
"1883_002_Vis1AB_Home1A",38,1087712,48.1692,53.484,5.43282
"1883_002_Vis1AB_Home1A",38,1087762,51.5373,56.2632,5.0355
"1883_002_Vis1AB_Home1A",38,1087812,54.8805,58.9947,4.58283
"1883_002_Vis1AB_Home1A",38,1087862,58.1994,61.6782,4.07484
"1883_002_Vis1AB_Home1A",38,1087912,61.4931,64.3137,3.51153
"1883_002_Vis1AB_Home1A",39,1222612,1.6251,58.3419,5.97921
"1883_002_Vis1AB_Home1A",39,1222662,1.38135,51.7176,5.69925
"1883_002_Vis1AB_Home1A",39,1222712,1.167234,45.1884,5.37624
"1883_002_Vis1AB_Home1A",39,1222762,0.982749,38.7543,5.01021
"1883_002_Vis1AB_Home1A",39,1222812,0.827895,32.415,4.6011
"1883_002_Vis1AB_Home1A",39,1222862,0.702672,26.17089,4.149
"1883_002_Vis1AB_Home1A",39,1222912,0.60708,20.02185,3.65382
"1883_002_Vis1AB_Home1A",39,1222962,0.541119,13.96782,3.11562
"1883_002_Vis1AB_Home1A",39,1223012,0.504792,8.00889,2.534394
"1883_002_Vis1AB_Home1A",39,1223062,0.498096,2.144994,1.910121
"1883_002_Vis1AB_Home1A",39,1223112,0.521031,-3.62385,1.24281
"1883_002_Vis1AB_Home1A",40,1237662,1.886475,57.2142,5.77464
"1883_002_Vis1AB_Home1A",40,1237712,1.599663,51.3777,5.45163
"1883_002_Vis1AB_Home1A",40,1237762,1.327371,45.5787,5.05941
"1883_002_Vis1AB_Home1A",40,1237812,1.069599,39.8166,4.59801
"1883_002_Vis1AB_Home1A",40,1237862,0.826344,34.0914,4.06743
"1883_002_Vis1AB_Home1A",40,1237912,0.597606,28.40376,3.46767
"1883_002_Vis1AB_Home1A",40,1237962,0.383388,22.75308,2.798721
"1883_002_Vis1AB_Home1A",40,1238012,0.183687,17.1396,2.060586
"1883_002_Vis1AB_Home1A",40,1238062,-0.001495359,11.56326,1.253268
"1883_002_Vis1AB_Home1A",40,1238112,-0.1721595,6.02409,0.376764
"1883_002_Vis1AB_Home1A",40,1238162,-0.328305,0.522042,-0.568926
"1883_002_Vis1AB_Home1A",40,1238212,-0.469935,-4.94286,-1.583805
"1883_002_Vis1AB_Home1A",41,1253262,1.59801,54.8988,5.79681
"1883_002_Vis1AB_Home1A",41,1253312,1.5459,48.4851,5.68554
"1883_002_Vis1AB_Home1A",41,1253362,1.520703,42.147,5.53419
"1883_002_Vis1AB_Home1A",41,1253412,1.522419,35.8839,5.34276
"1883_002_Vis1AB_Home1A",41,1253462,1.551048,29.69574,5.11128
"1883_002_Vis1AB_Home1A",41,1253512,1.606593,23.58288,4.83972
"1883_002_Vis1AB_Home1A",41,1253562,1.689048,17.54517,4.52811
"1883_002_Vis1AB_Home1A",41,1253612,1.798416,11.58261,4.17639
"1883_002_Vis1AB_Home1A",41,1253662,1.9347,5.69517,3.78462
"1883_002_Vis1AB_Home1A",41,1253712,2.097897,-0.11712,3.35277
"1883_002_Vis1AB_Home1A",41,1253762,2.288004,-5.85423,2.88087
"1883_002_Vis1AB_Home1A",42,1267862,1.618767,57.7575,5.79003
"1883_002_Vis1AB_Home1A",42,1267912,1.436013,51.1311,5.61354
"1883_002_Vis1AB_Home1A",42,1267962,1.268826,44.5797,5.39142
"1883_002_Vis1AB_Home1A",42,1268012,1.117212,38.1039,5.12358
"1883_002_Vis1AB_Home1A",42,1268062,0.981165,31.7034,4.81008
"1883_002_Vis1AB_Home1A",42,1268112,0.860688,25.37796,4.45089
"1883_002_Vis1AB_Home1A",42,1268162,0.755781,19.12785,4.04604
"1883_002_Vis1AB_Home1A",42,1268212,0.666441,12.95298,3.5955
"1883_002_Vis1AB_Home1A",42,1268262,0.592671,6.85344,3.0993
"1883_002_Vis1AB_Home1A",42,1268312,0.534471,0.82914,2.557398
"1883_002_Vis1AB_Home1A",43,1288162,1.215882,57.2211,5.57181
"1883_002_Vis1AB_Home1A",43,1288212,1.448961,51.6522,5.83554
"1883_002_Vis1AB_Home1A",43,1288262,1.655325,46.128,6.00648
"1883_002_Vis1AB_Home1A",43,1288312,1.834968,40.6491,6.08457
"1883_002_Vis1AB_Home1A",43,1288362,1.987893,35.2149,6.06987
"1883_002_Vis1AB_Home1A",43,1288412,2.1141,29.82573,5.96235
"1883_002_Vis1AB_Home1A",43,1288462,2.213589,24.48141,5.76201
"1883_002_Vis1AB_Home1A",43,1288512,2.286357,19.182,5.46885
"1883_002_Vis1AB_Home1A",43,1288562,2.33241,13.92753,5.08287
"1883_002_Vis1AB_Home1A",43,1288612,2.351745,8.71797,4.6041
"1883_002_Vis1AB_Home1A",43,1288662,2.344359,3.55332,4.03251
"1883_002_Vis1AB_Home1A",43,1288712,2.310258,-1.566438,3.36807
"1883_002_Vis1AB_Home1A",43,1288762,2.249436,-6.64125,2.610849
"1883_002_Vis1AB_Home1A",44,1309762,1.658961,57.2565,5.81493
"1883_002_Vis1AB_Home1A",44,1309812,1.532052,50.7642,5.64363
"1883_002_Vis1AB_Home1A",44,1309862,1.418583,44.3385,5.43564
"1883_002_Vis1AB_Home1A",44,1309912,1.318557,37.9797,5.19096
"1883_002_Vis1AB_Home1A",44,1309962,1.231974,31.6875,4.90959
"1883_002_Vis1AB_Home1A",44,1310012,1.158834,25.4625,4.5915
"1883_002_Vis1AB_Home1A",44,1310062,1.099137,19.30422,4.23675
"1883_002_Vis1AB_Home1A",44,1310112,1.05288,13.21275,3.84528
"1883_002_Vis1AB_Home1A",44,1310162,1.020069,7.18812,3.41715
"1883_002_Vis1AB_Home1A",44,1310212,1.000698,1.230312,2.952309
"1883_002_Vis1AB_Home1A",45,1323562,0.37869,55.3572,7.62516
"1883_002_Vis1AB_Home1A",45,1323612,0.516651,51.8769,8.01258
"1883_002_Vis1AB_Home1A",45,1323662,0.653322,48.4146,8.32776
"1883_002_Vis1AB_Home1A",45,1323712,0.788709,44.9703,8.5707
"1883_002_Vis1AB_Home1A",45,1323762,0.922806,41.5437,8.7414
"1883_002_Vis1AB_Home1A",45,1323812,1.055616,38.1354,8.83986
"1883_002_Vis1AB_Home1A",45,1323862,1.187139,34.7448,8.86605
"1883_002_Vis1AB_Home1A",45,1323912,1.317372,31.3722,8.82003
"1883_002_Vis1AB_Home1A",45,1323962,1.446321,28.01745,8.70174
"1883_002_Vis1AB_Home1A",45,1324012,1.57398,24.68076,8.51118
"1883_002_Vis1AB_Home1A",45,1324062,1.700352,21.36204,8.24841
"1883_002_Vis1AB_Home1A",45,1324112,1.825437,18.06126,7.9134
"1883_002_Vis1AB_Home1A",45,1324162,1.949235,14.77842,7.50612
"1883_002_Vis1AB_Home1A",45,1324212,2.071743,11.51355,7.0266
"1883_002_Vis1AB_Home1A",45,1324262,2.192967,8.26662,6.47484
"1883_002_Vis1AB_Home1A",45,1324312,2.312901,5.03766,5.85081
"1883_002_Vis1AB_Home1A",45,1324362,2.431548,1.826643,5.15457
"1883_002_Vis1AB_Home1A",45,1324412,2.548908,-1.366416,4.38606
"1883_002_Vis1AB_Home1A",45,1324462,2.664978,-4.54155,3.54531
"1883_002_Vis1AB_Home1A",46,1342462,1.480206,52.6782,5.7222
"1883_002_Vis1AB_Home1A",46,1342512,1.369059,46.1379,5.61369
"1883_002_Vis1AB_Home1A",46,1342562,1.271727,39.6771,5.46801
"1883_002_Vis1AB_Home1A",46,1342612,1.188213,33.2958,5.28519
"1883_002_Vis1AB_Home1A",46,1342662,1.118514,26.99397,5.0652
"1883_002_Vis1AB_Home1A",46,1342712,1.062633,20.77167,4.80807
"1883_002_Vis1AB_Home1A",46,1342762,1.02057,14.62899,4.51377
"1883_002_Vis1AB_Home1A",46,1342812,0.992322,8.56581,4.18233
"1883_002_Vis1AB_Home1A",46,1342862,0.977889,2.582178,3.81372
"1883_002_Vis1AB_Home1A",46,1342912,0.977277,-3.32193,3.40794
"1883_002_Vis1AB_Home1A",47,1375812,1.354983,52.8492,5.5872
"1883_002_Vis1AB_Home1A",47,1375862,1.154058,46.3218,5.42055
"1883_002_Vis1AB_Home1A",47,1375912,0.977256,39.8766,5.21049
"1883_002_Vis1AB_Home1A",47,1375962,0.824571,33.5139,4.95693
"1883_002_Vis1AB_Home1A",47,1376012,0.696012,27.23367,4.65993
"1883_002_Vis1AB_Home1A",47,1376062,0.59157,21.03594,4.31946
"1883_002_Vis1AB_Home1A",47,1376112,0.511251,14.92065,3.93552
"1883_002_Vis1AB_Home1A",47,1376162,0.455052,8.88783,3.50814
"1883_002_Vis1AB_Home1A",47,1376212,0.422976,2.937438,3.03729
"1883_002_Vis1AB_Home1A",48,1399362,1.524783,57.1545,5.52216
"1883_002_Vis1AB_Home1A",48,1399412,1.426203,51.4626,5.53596
"1883_002_Vis1AB_Home1A",48,1399462,1.318821,45.837,5.45304
"1883_002_Vis1AB_Home1A",48,1399512,1.202637,40.278,5.27337
"1883_002_Vis1AB_Home1A",48,1399562,1.077648,34.7856,4.99701
"1883_002_Vis1AB_Home1A",48,1399612,0.94386,29.35992,4.62393
"1883_002_Vis1AB_Home1A",48,1399662,0.801267,24.00081,4.15413
"1883_002_Vis1AB_Home1A",48,1399712,0.649872,18.70827,3.58758
"1883_002_Vis1AB_Home1A",48,1399762,0.489675,13.48236,2.924337
"1883_002_Vis1AB_Home1A",48,1399812,0.320673,8.32308,2.164365
"1883_002_Vis1AB_Home1A",48,1399862,0.1428714,3.23037,1.30767
"1883_002_Vis1AB_Home1A",48,1399912,-0.0437337,-1.795707,0.354258
"1883_002_Vis1AB_Home1A",48,1399962,-0.2391423,-6.75522,-0.695883
"1883_002_Vis1AB_Home1A",49,1417312,1.659762,56.961,5.81907
"1883_002_Vis1AB_Home1A",49,1417362,1.393872,50.2881,5.58741
"1883_002_Vis1AB_Home1A",49,1417412,1.148412,43.6944,5.32338
"1883_002_Vis1AB_Home1A",49,1417462,0.923379,37.1805,5.02704
"1883_002_Vis1AB_Home1A",49,1417512,0.718779,30.7458,4.69839
"1883_002_Vis1AB_Home1A",49,1417562,0.534609,24.39069,4.3374
"1883_002_Vis1AB_Home1A",49,1417612,0.370869,18.11505,3.94407
"1883_002_Vis1AB_Home1A",49,1417662,0.2275587,11.91888,3.51843
"1883_002_Vis1AB_Home1A",49,1417712,0.1046772,5.80215,3.06045
"1883_002_Vis1AB_Home1A",49,1417762,0.002226411,-0.235077,2.570154
"1883_002_Vis1AB_Home1A",49,1417812,-0.0797946,-6.19284,2.047527
"1883_002_Vis1AB_Home1A",50,1438512,1.411167,55.4766,5.52642
"1883_002_Vis1AB_Home1A",50,1438562,1.233699,48.7881,5.26122
"1883_002_Vis1AB_Home1A",50,1438612,1.06536,42.1884,4.93245
"1883_002_Vis1AB_Home1A",50,1438662,0.906156,35.6769,4.54014
"1883_002_Vis1AB_Home1A",50,1438712,0.756081,29.25384,4.08429
"1883_002_Vis1AB_Home1A",50,1438762,0.615141,22.91928,3.56487
"1883_002_Vis1AB_Home1A",50,1438812,0.483333,16.67316,2.98194
"1883_002_Vis1AB_Home1A",50,1438862,0.360654,10.51548,2.335452
"1883_002_Vis1AB_Home1A",50,1438912,0.2471079,4.44624,1.625424
"1883_002_Vis1AB_Home1A",50,1438962,0.1426932,-1.534557,0.851844
"1883_002_Vis1AB_Home1A",50,1439012,0.0474108,-7.42689,0.01472655
"1883_002_Vis1AB_Home1A",51,1468812,1.5345,56.3841,5.80611
"1883_002_Vis1AB_Home1A",51,1468862,1.548774,49.7013,5.60799
"1883_002_Vis1AB_Home1A",51,1468912,1.592283,43.0998,5.36019
"1883_002_Vis1AB_Home1A",51,1468962,1.665024,36.5796,5.06274
"1883_002_Vis1AB_Home1A",51,1469012,1.766997,30.141,4.71564
"1883_002_Vis1AB_Home1A",51,1469062,1.898205,23.78361,4.31886
"1883_002_Vis1AB_Home1A",51,1469112,2.058648,17.50776,3.8724
"1883_002_Vis1AB_Home1A",51,1469162,2.248323,11.3133,3.37629
"1883_002_Vis1AB_Home1A",51,1469212,2.467233,5.20023,2.830512
"1883_002_Vis1AB_Home1A",51,1469262,2.715378,-0.831432,2.235072
"1883_002_Vis1AB_Home1A",51,1469312,2.992752,-6.78168,1.589967
"1883_002_Vis1AB_Home1A",52,1485012,1.569171,56.8446,5.793
"1883_002_Vis1AB_Home1A",52,1485062,1.455189,50.2137,5.54565
"1883_002_Vis1AB_Home1A",52,1485112,1.370595,43.6743,5.24262
"1883_002_Vis1AB_Home1A",52,1485162,1.315386,37.227,4.88397
"1883_002_Vis1AB_Home1A",52,1485212,1.289565,30.8718,4.4697
"1883_002_Vis1AB_Home1A",52,1485262,1.293129,24.60837,3.99975
"1883_002_Vis1AB_Home1A",52,1485312,1.326078,18.43698,3.47418
"1883_002_Vis1AB_Home1A",52,1485362,1.388418,12.35754,2.892963
"1883_002_Vis1AB_Home1A",52,1485412,1.48014,6.37005,2.256102
"1883_002_Vis1AB_Home1A",52,1485462,1.601253,0.474516,1.5636
"1883_002_Vis1AB_Home1A",52,1485512,1.751751,-5.32905,0.815457
"1883_002_Vis1AB_Home1A",53,1512712,1.255542,52.1235,5.69409
"1883_002_Vis1AB_Home1A",53,1512762,0.996252,45.4488,5.27346
"1883_002_Vis1AB_Home1A",53,1512812,0.76914,38.8791,4.81935
"1883_002_Vis1AB_Home1A",53,1512862,0.574209,32.415,4.33182
"1883_002_Vis1AB_Home1A",53,1512912,0.411459,26.05575,3.81081
"1883_002_Vis1AB_Home1A",53,1512962,0.2808861,19.80177,3.25635
"1883_002_Vis1AB_Home1A",53,1513012,0.1824945,13.653,2.668452
"1883_002_Vis1AB_Home1A",53,1513062,0.1162824,7.60944,2.047089
"1883_002_Vis1AB_Home1A",53,1513112,0.0822501,1.671078,1.39227
"1883_002_Vis1AB_Home1A",53,1513162,0.0803976,-4.16208,0.704001
"1883_002_Vis1AB_Home1A",54,1527162,1.609668,53.5035,5.61417
"1883_002_Vis1AB_Home1A",54,1527212,1.273365,47.0121,5.39784
"1883_002_Vis1AB_Home1A",54,1527262,0.983628,40.5849,5.12781
"1883_002_Vis1AB_Home1A",54,1527312,0.740457,34.2216,4.80402
"1883_002_Vis1AB_Home1A",54,1527362,0.543855,27.92265,4.42647
"1883_002_Vis1AB_Home1A",54,1527412,0.393816,21.68769,3.99519
"1883_002_Vis1AB_Home1A",54,1527462,0.2903454,15.51675,3.51015
"1883_002_Vis1AB_Home1A",54,1527512,0.2334408,9.40995,2.971356
"1883_002_Vis1AB_Home1A",54,1527562,0.2231025,3.36726,2.378823
"1883_002_Vis1AB_Home1A",54,1527612,0.519669,5.76981,6.1593
"1883_002_Vis1AB_Home1A",54,1527662,1.065588,10.19856,10.82691
"1883_002_Vis1AB_Home1A",54,1527712,1.631835,14.5632,15.37125
"1883_002_Vis1AB_Home1A",54,1527762,2.217942,18.86436,19.79337
"1883_002_Vis1AB_Home1A",54,1527812,2.823453,23.10285,24.09438
"1883_002_Vis1AB_Home1A",54,1527862,3.4479,27.27939,28.27542
"1883_002_Vis1AB_Home1A",54,1527912,4.09083,31.3947,32.3376
"1883_002_Vis1AB_Home1A",54,1527962,4.75179,35.4495,36.282
"1883_002_Vis1AB_Home1A",54,1528012,5.4303,39.4449,40.1097
"1883_002_Vis1AB_Home1A",54,1528062,6.12591,43.3809,43.8219
"1883_002_Vis1AB_Home1A",54,1528112,6.83814,47.2587,47.4195
"1883_002_Vis1AB_Home1A",54,1528162,7.56654,51.0792,50.9037
"1883_002_Vis1AB_Home1A",54,1528212,8.31066,54.843,54.2757
"1883_002_Vis1AB_Home1A",54,1528262,9.07002,58.5504,57.5367
"1883_002_Vis1AB_Home1A",54,1528312,9.84417,62.2029,60.6873
"1883_002_Vis1AB_Home1A",54,1528362,10.63266,65.8008,63.7293
"1883_002_Vis1AB_Home1A",54,1528412,11.43501,69.3447,66.6633
"1883_002_Vis1AB_Home1A",54,1528462,12.25074,72.8358,69.4905
"1883_002_Vis1AB_Home1A",54,1528512,13.07943,76.2744,72.2124
"1883_002_Vis1AB_Home1A",54,1528562,13.9206,79.6614,74.8293
"1883_002_Vis1AB_Home1A",54,1528612,14.77377,82.9977,77.3433
"1883_002_Vis1AB_Home1A",54,1528662,15.63852,86.2839,79.7547
"1883_002_Vis1AB_Home1A",54,1528712,16.51434,89.5206,82.0647
"1883_002_Vis1AB_Home1A",54,1528762,17.40081,92.7087,84.2748
"1883_002_Vis1AB_Home1A",54,1528812,18.29745,95.8491,86.3859
"1883_002_Vis1AB_Home1A",54,1528862,19.20381,98.9421,88.3992
"1883_002_Vis1AB_Home1A",54,1528912,20.11941,101.9889,90.3156
"1883_002_Vis1AB_Home1A",54,1528962,21.0438,104.9901,92.1363
"1883_002_Vis1AB_Home1A",54,1529012,21.9765,107.9463,93.8622
"1883_002_Vis1AB_Home1A",54,1529062,22.91706,110.8584,95.4948
"1883_002_Vis1AB_Home1A",54,1529112,23.86503,113.727,97.0353
"1883_002_Vis1AB_Home1A",54,1529162,24.81996,116.553,98.484
"1883_002_Vis1AB_Home1A",54,1529212,25.78137,119.337,99.843
"1883_002_Vis1AB_Home1A",54,1529262,26.74878,122.0796,101.1126
"1883_002_Vis1AB_Home1A",54,1529312,27.72174,124.782,102.2946
"1883_002_Vis1AB_Home1A",54,1529362,28.6998,127.4448,103.3893
"1883_002_Vis1AB_Home1A",54,1529412,29.68248,130.0683,104.3985
"1883_002_Vis1AB_Home1A",54,1529462,30.6693,132.6537,105.3231
"1883_002_Vis1AB_Home1A",54,1529512,31.6599,135.2016,106.164
"1883_002_Vis1AB_Home1A",54,1529562,32.6538,137.7126,106.9227
"1883_002_Vis1AB_Home1A",54,1529612,33.6504,140.1879,107.5998
"1883_002_Vis1AB_Home1A",54,1529662,34.6494,142.6275,108.1971
"1883_002_Vis1AB_Home1A",54,1529712,35.6502,145.0329,108.7149
"1883_002_Vis1AB_Home1A",54,1529762,36.6522,147.4044,109.1547
"1883_002_Vis1AB_Home1A",54,1529812,37.6554,149.7429,109.5177
"1883_002_Vis1AB_Home1A",54,1529862,38.6592,152.049,109.8048
"1883_002_Vis1AB_Home1A",54,1529912,39.6627,154.3236,110.0172
"1883_002_Vis1AB_Home1A",54,1529962,40.6659,156.5673,110.1561
"1883_002_Vis1AB_Home1A",54,1530012,41.6682,158.7807,110.2224
"1883_002_Vis1AB_Home1A",54,1530062,42.669,160.965,110.2173
"1883_002_Vis1AB_Home1A",54,1530112,43.6683,163.1208,110.142
"1883_002_Vis1AB_Home1A",54,1530162,44.6649,165.2484,109.9977
"1883_002_Vis1AB_Home1A",54,1530212,45.6591,167.3493,109.785
"1883_002_Vis1AB_Home1A",54,1530262,46.65,169.4235,109.5054
"1883_002_Vis1AB_Home1A",54,1530312,47.637,171.4719,109.1601
"1883_002_Vis1AB_Home1A",54,1530362,48.6201,173.4957,108.75
"1883_002_Vis1AB_Home1A",54,1530412,49.5984,175.4952,108.276
"1883_002_Vis1AB_Home1A",54,1530462,50.5719,177.4713,107.7396
"1883_002_Vis1AB_Home1A",54,1530512,51.5397,179.4249,107.1417
"1883_002_Vis1AB_Home1A",54,1530562,52.5015,181.3563,106.4835
"1883_002_Vis1AB_Home1A",54,1530612,53.457,183.2667,105.7662
"1883_002_Vis1AB_Home1A",54,1530662,54.4056,185.1564,104.9907
"1883_002_Vis1AB_Home1A",54,1530712,55.3467,187.0266,104.1579
"1883_002_Vis1AB_Home1A",54,1530762,56.28,188.8776,103.2696
"1883_002_Vis1AB_Home1A",54,1530812,57.2049,190.7106,102.3261
"1883_002_Vis1AB_Home1A",54,1530862,58.1214,192.5259,101.3292
"1883_002_Vis1AB_Home1A",54,1530912,59.0283,194.3244,100.2795
"1883_002_Vis1AB_Home1A",54,1530962,59.9256,196.1073,99.1782
"1883_002_Vis1AB_Home1A",54,1531012,60.813,197.8746,98.0268
"1883_002_Vis1AB_Home1A",54,1531062,61.6896,199.6272,96.8259
"1883_002_Vis1AB_Home1A",54,1531112,62.5551,201.3663,95.5767
"1883_002_Vis1AB_Home1A",54,1531162,63.4092,203.0922,94.2807
"1883_002_Vis1AB_Home1A",54,1531212,64.2513,204.8058,92.9385
"1883_002_Vis1AB_Home1A",54,1531262,65.0811,206.508,91.5513
"1883_002_Vis1AB_Home1A",54,1531312,65.8977,208.1991,90.1206
"1883_002_Vis1AB_Home1A",54,1531362,66.7011,209.8803,88.647
"1883_002_Vis1AB_Home1A",54,1531412,67.4907,211.5522,87.132
"1883_002_Vis1AB_Home1A",54,1531462,68.2659,213.2151,85.5765
"1883_002_Vis1AB_Home1A",54,1531512,69.0264,214.8705,83.9817
"1883_002_Vis1AB_Home1A",54,1531562,69.7716,216.5187,82.3485
"1883_002_Vis1AB_Home1A",54,1531612,70.5012,218.1606,80.6784
"1883_002_Vis1AB_Home1A",54,1531662,71.2146,219.7965,78.972
"1883_002_Vis1AB_Home1A",54,1531712,71.9115,221.4279,77.2308
"1883_002_Vis1AB_Home1A",54,1531762,72.5913,223.0551,75.4557
"1883_002_Vis1AB_Home1A",54,1531812,73.2537,224.6787,73.6479
"1883_002_Vis1AB_Home1A",54,1531862,73.8978,226.2996,71.8083
"1883_002_Vis1AB_Home1A",54,1531912,74.5239,227.9187,69.9384
"1883_002_Vis1AB_Home1A",54,1531962,75.1308,229.5363,68.0391
"1883_002_Vis1AB_Home1A",54,1532012,75.7182,231.1539,66.1113
"1883_002_Vis1AB_Home1A",54,1532062,76.2861,232.7715,64.1565
"1883_002_Vis1AB_Home1A",54,1532112,76.8336,234.39,62.1756
"1883_002_Vis1AB_Home1A",54,1532162,77.3601,236.0106,60.1695
"1883_002_Vis1AB_Home1A",54,1532212,77.8656,237.6333,58.1397
"1883_002_Vis1AB_Home1A",54,1532262,78.3495,239.2596,56.0871
"1883_002_Vis1AB_Home1A",54,1532312,78.8112,240.8898,54.0126
"1883_002_Vis1AB_Home1A",54,1532362,79.2504,242.5245,51.9177
"1883_002_Vis1AB_Home1A",54,1532412,79.6662,244.1649,49.8033
"1883_002_Vis1AB_Home1A",54,1532462,80.0589,245.8116,47.6706
"1883_002_Vis1AB_Home1A",54,1532512,80.4273,247.4649,45.5205
"1883_002_Vis1AB_Home1A",54,1532562,80.7714,249.1263,43.3542
"1883_002_Vis1AB_Home1A",54,1532612,81.0906,250.7958,41.1729
"1883_002_Vis1AB_Home1A",54,1532662,81.3843,252.4746,38.9778
"1883_002_Vis1AB_Home1A",54,1532712,81.6522,254.1633,36.7695
"1883_002_Vis1AB_Home1A",54,1532762,81.894,255.8628,34.5498
"1883_002_Vis1AB_Home1A",54,1532812,82.1088,257.5734,32.3193
"1883_002_Vis1AB_Home1A",54,1532862,82.2966,259.2963,30.0795
"1883_002_Vis1AB_Home1A",54,1532912,82.4565,261.0321,27.83094
"1883_002_Vis1AB_Home1A",54,1532962,82.5885,262.7814,25.57518
"1883_002_Vis1AB_Home1A",54,1533012,82.6917,264.5451,23.31324
"1883_002_Vis1AB_Home1A",54,1533062,82.7661,266.3238,21.04614
"1883_002_Vis1AB_Home1A",54,1533112,82.8108,268.1184,18.77505
"1883_002_Vis1AB_Home1A",54,1533162,82.8255,269.9298,16.50105
"1883_002_Vis1AB_Home1A",54,1533212,82.8096,271.7583,14.22525
"1883_002_Vis1AB_Home1A",54,1533262,82.7631,273.6048,11.94876
"1883_002_Vis1AB_Home1A",54,1533312,82.6851,275.4702,9.67266
"1883_002_Vis1AB_Home1A",54,1533362,82.5753,277.3551,7.39809
"1883_002_Vis1AB_Home1A",54,1533412,82.4331,279.2604,5.1261
"1883_002_Vis1AB_Home1A",55,1696312,2.00943,57.4179,6.29478
"1883_002_Vis1AB_Home1A",55,1696362,1.703361,50.9622,6.12486
"1883_002_Vis1AB_Home1A",55,1696412,1.415652,44.577,5.90712
"1883_002_Vis1AB_Home1A",55,1696462,1.1463,38.2626,5.64156
"1883_002_Vis1AB_Home1A",55,1696512,0.895308,32.0187,5.32818
"1883_002_Vis1AB_Home1A",55,1696562,0.662676,25.84518,4.96698
"1883_002_Vis1AB_Home1A",55,1696612,0.448401,19.74234,4.55796
"1883_002_Vis1AB_Home1A",55,1696662,0.2524866,13.71009,4.10115
"1883_002_Vis1AB_Home1A",55,1696712,0.0749295,7.74837,3.59649
"1883_002_Vis1AB_Home1A",55,1696762,-0.0842679,1.857255,3.04404
"1883_002_Vis1AB_Home1A",56,1772312,2.047761,55.6857,6.02889
"1883_002_Vis1AB_Home1A",56,1772362,1.712109,49.14,5.72112
"1883_002_Vis1AB_Home1A",56,1772412,1.415637,42.6825,5.36925
"1883_002_Vis1AB_Home1A",56,1772462,1.158342,36.3135,4.97328
"1883_002_Vis1AB_Home1A",56,1772512,0.94023,30.0327,4.53321
"1883_002_Vis1AB_Home1A",56,1772562,0.761301,23.84013,4.04901
"1883_002_Vis1AB_Home1A",56,1772612,0.621552,17.73591,3.52074
"1883_002_Vis1AB_Home1A",56,1772662,0.520983,11.71998,2.948361
"1883_002_Vis1AB_Home1A",56,1772712,0.459594,5.79231,2.331873
"1883_002_Vis1AB_Home1A",56,1772762,0.437385,-0.0470292,1.671288
"1883_002_Vis1AB_Home1A",56,1772812,0.454359,-5.7981,0.9666
"1883_002_Vis1AB_Home1A",57,2112812,1.86213,53.8737,6.12561
"1883_002_Vis1AB_Home1A",57,2112862,1.521501,47.3397,5.98161
"1883_002_Vis1AB_Home1A",57,2112912,1.193754,40.8558,5.78394
"1883_002_Vis1AB_Home1A",57,2112962,0.878886,34.4226,5.5326
"1883_002_Vis1AB_Home1A",57,2113012,0.5769,28.03941,5.22762
"1883_002_Vis1AB_Home1A",57,2113062,0.2877993,21.70665,4.86897
"1883_002_Vis1AB_Home1A",57,2113112,0.01157886,15.42426,4.45665
"1883_002_Vis1AB_Home1A",57,2113162,-0.2517597,9.19218,3.99066
"1883_002_Vis1AB_Home1A",57,2113212,-0.502218,3.01044,3.47103
"1883_002_Vis1AB_Home1A",57,2113262,-1.557474,8.18595,4.79052
"1883_002_Vis1AB_Home1A",57,2113312,-2.813079,14.65908,7.48728
"1883_002_Vis1AB_Home1A",57,2113362,-4.05591,21.08187,10.12044
"1883_002_Vis1AB_Home1A",57,2113412,-5.28597,27.45432,12.69003
"1883_002_Vis1AB_Home1A",57,2113462,-6.50325,33.7764,15.19599
"1883_002_Vis1AB_Home1A",57,2113512,-7.70772,40.0482,17.63835
"1883_002_Vis1AB_Home1A",57,2113562,-8.89947,46.2699,20.01711
"1883_002_Vis1AB_Home1A",57,2113612,-10.07841,52.4409,22.33224
"1883_002_Vis1AB_Home1A",57,2113662,-11.24457,58.5618,24.5838
"1883_002_Vis1AB_Home1A",57,2113712,-12.39795,64.6323,26.77176
"1883_002_Vis1AB_Home1A",57,2113762,-13.53858,70.6527,28.89609
"1883_002_Vis1AB_Home1A",57,2113812,-14.6664,76.6224,30.9567
"1883_002_Vis1AB_Home1A",57,2113862,-15.78147,82.542,32.9541
"1883_002_Vis1AB_Home1A",57,2113912,-16.88376,88.4112,34.8876
"1883_002_Vis1AB_Home1A",57,2113962,-17.97327,94.2303,36.7575
"1883_002_Vis1AB_Home1A",57,2114012,-19.05,99.9987,38.5638
"1883_002_Vis1AB_Home1A",57,2114062,-20.11395,105.717,40.3065
"1883_002_Vis1AB_Home1A",57,2114112,-21.16512,111.3849,41.9856
"1883_002_Vis1AB_Home1A",57,2114162,-22.20354,117.0027,43.6011
"1883_002_Vis1AB_Home1A",57,2114212,-23.22915,122.5698,45.153
"1883_002_Vis1AB_Home1A",57,2114262,-24.24201,128.0868,46.6413
"1883_002_Vis1AB_Home1A",57,2114312,-25.24209,133.5534,48.066
"1883_002_Vis1AB_Home1A",57,2114362,-26.22936,138.9699,49.4271
"1883_002_Vis1AB_Home1A",57,2114412,-27.20388,144.3357,50.7246
"1883_002_Vis1AB_Home1A",57,2114462,-28.16562,149.6514,51.9588
"1883_002_Vis1AB_Home1A",57,2114512,-29.11458,154.917,53.1291
"1883_002_Vis1AB_Home1A",57,2114562,-30.0507,160.1319,54.2358
"1883_002_Vis1AB_Home1A",57,2114612,-30.9741,165.2967,55.2789
"1883_002_Vis1AB_Home1A",57,2114662,-31.8849,170.4111,56.2581
"1883_002_Vis1AB_Home1A",57,2114712,-32.7828,175.4751,57.174
"1883_002_Vis1AB_Home1A",57,2114762,-33.6678,180.4887,58.0263
"1883_002_Vis1AB_Home1A",57,2114812,-34.5402,185.4522,58.815
"1883_002_Vis1AB_Home1A",57,2114862,-35.3997,190.3653,59.5401
"1883_002_Vis1AB_Home1A",57,2114912,-36.2463,195.228,60.2016
"1883_002_Vis1AB_Home1A",57,2114962,-37.0803,200.0406,60.7995
"1883_002_Vis1AB_Home1A",57,2115012,-37.9014,204.8028,61.3338
"1883_002_Vis1AB_Home1A",57,2115062,-38.7099,209.5146,61.8045
"1883_002_Vis1AB_Home1A",57,2115112,-39.5055,214.176,62.2116
"1883_002_Vis1AB_Home1A",57,2115162,-40.2885,218.787,62.5551
"1883_002_Vis1AB_Home1A",57,2115212,-41.0586,223.3479,62.835
"1883_002_Vis1AB_Home1A",57,2115262,-41.8158,227.8584,63.0513
"1883_002_Vis1AB_Home1A",57,2115312,-42.5604,232.3185,63.2037
"1883_002_Vis1AB_Home1A",57,2115362,-43.2921,236.7285,63.2928
"1883_002_Vis1AB_Home1A",57,2115412,-44.0112,241.0881,63.3183
"1883_002_Vis1AB_Home1A",57,2115462,-44.7174,245.3973,63.2802
"1883_002_Vis1AB_Home1A",57,2115512,-45.4107,249.6561,63.1785
"1883_002_Vis1AB_Home1A",57,2115562,-46.0914,253.8645,63.0132
"1883_002_Vis1AB_Home1A",57,2115612,-46.7592,258.0228,62.784
"1883_002_Vis1AB_Home1A",57,2115662,-47.4144,262.1307,62.4915
"1883_002_Vis1AB_Home1A",57,2115712,-48.0567,266.1885,62.1354
"1883_002_Vis1AB_Home1A",57,2115762,-48.6864,270.1956,61.7157
"1883_002_Vis1AB_Home1A",57,2115812,-49.3029,274.1526,61.2324
"1883_002_Vis1AB_Home1A",57,2115862,-49.9071,278.0592,60.6852
"1883_002_Vis1AB_Home1A",57,2115912,-50.4981,281.9154,60.0747
"1883_002_Vis1AB_Home1A",57,2115962,-51.0768,285.7215,59.4006
"1883_002_Vis1AB_Home1A",57,2116012,-51.6423,289.4772,58.6629
"1883_002_Vis1AB_Home1A",57,2116062,-52.1952,293.1825,57.8613
"1883_002_Vis1AB_Home1A",57,2116112,-52.7352,296.8374,56.9964
"1883_002_Vis1AB_Home1A",57,2116162,-53.2626,300.441,56.0679
"1883_002_Vis1AB_Home1A",57,2116212,-53.7771,303.996,55.0755
"1883_002_Vis1AB_Home1A",57,2116262,-54.279,307.5,54.0198
"1883_002_Vis1AB_Home1A",57,2116312,-54.768,310.953,52.9005
"1883_002_Vis1AB_Home1A",57,2116362,-55.2441,314.358,51.7173
"1883_002_Vis1AB_Home1A",57,2116412,-55.7076,317.712,50.4708
"1883_002_Vis1AB_Home1A",57,2116462,-56.1582,321.012,49.1607
"1883_002_Vis1AB_Home1A",57,2116512,-56.5962,324.267,47.7867
"1883_002_Vis1AB_Home1A",57,2116562,-57.0213,327.468,46.3494
"1883_002_Vis1AB_Home1A",57,2116612,-57.4338,330.621,44.8485
"1883_002_Vis1AB_Home1A",57,2116662,-57.8334,333.72,43.2837
"1883_002_Vis1AB_Home1A",57,2116712,-58.2201,336.771,41.6556
"1883_002_Vis1AB_Home1A",57,2116762,-58.5942,339.774,39.9639
"1883_002_Vis1AB_Home1A",57,2116812,-58.9554,342.723,38.2083
"1883_002_Vis1AB_Home1A",57,2116862,-59.3037,345.624,36.3894
"1883_002_Vis1AB_Home1A",57,2116912,-59.6394,348.474,34.5066
"1883_002_Vis1AB_Home1A",57,2116962,-59.9622,351.273,32.5605
"1883_002_Vis1AB_Home1A",57,2117012,-60.2724,354.021,30.5505
"1883_002_Vis1AB_Home1A",57,2117062,-60.5697,356.721,28.47717
"1883_002_Vis1AB_Home1A",57,2117112,-60.8544,359.37,26.34012
"1883_002_Vis1AB_Home1A",57,2117162,-61.1262,361.968,24.1395
"1883_002_Vis1AB_Home1A",57,2117212,-61.3851,364.515,21.87522
"1883_002_Vis1AB_Home1A",57,2117262,-61.6314,367.014,19.5474
"1883_002_Vis1AB_Home1A",57,2117312,-61.8648,369.459,17.15595
"1883_002_Vis1AB_Home1A",57,2117362,-62.0856,371.856,14.70087
"1883_002_Vis1AB_Home1A",57,2117412,-62.2935,374.205,12.18222
"1883_002_Vis1AB_Home1A",57,2117462,-62.4888,376.5,9.59997
"1883_002_Vis1AB_Home1A",57,2117512,-62.6709,378.747,6.95409
"1883_002_Vis1AB_Home1A",57,2117562,-62.8407,380.943,4.24464
"1883_002_Vis1AB_Home1A",57,2117612,-62.9973,383.088,1.471569
"1883_002_Vis1AB_Home1A",57,2117662,-63.1413,385.182,-1.365099
"1883_002_Vis1AB_Home1A",57,2117712,-65.2806,392.862,-0.006
"1883_002_Vis1AB_Home1A",57,2117762,-60.9981,383.727,-0.511659
"1883_002_Vis1AB_Home1A",57,2117812,-59.8515,382.446,-0.448461
"1883_002_Vis1AB_Home1A",57,2117862,-58.7553,381.309,-0.395349
"1883_002_Vis1AB_Home1A",57,2117912,-57.7095,380.313,-0.352323
"1883_002_Vis1AB_Home1A",57,2117962,-56.7144,379.461,-0.319386
"1883_002_Vis1AB_Home1A",57,2118012,-55.7694,378.75,-0.2965353
"1883_002_Vis1AB_Home1A",57,2118062,-54.8751,378.18,-0.2837712
"1883_002_Vis1AB_Home1A",57,2118112,-54.0312,377.751,-0.2810943
"1883_002_Vis1AB_Home1A",57,2118162,-53.2377,377.466,-0.2885043
"1883_002_Vis1AB_Home1A",57,2118212,-52.4949,377.322,-0.306
"1883_002_Vis1AB_Home1A",57,2118262,-51.8022,377.319,-0.333585
"1883_002_Vis1AB_Home1A",57,2118312,-51.1602,377.457,-0.371256
"1883_002_Vis1AB_Home1A",57,2118362,-50.5686,377.739,-0.419013
"1883_002_Vis1AB_Home1A",57,2118412,-50.0274,378.162,-0.476859
"1883_002_Vis1AB_Home1A",57,2118462,-49.5369,378.726,-0.544791
"1883_002_Vis1AB_Home1A",57,2118512,-49.0968,379.434,-0.622809
"1883_002_Vis1AB_Home1A",57,2118562,-48.7068,380.28,-0.710916
"1883_002_Vis1AB_Home1A",57,2118612,-48.3675,381.273,-0.809109
"1883_002_Vis1AB_Home1A",57,2118662,-48.0789,382.404,-0.917388
"1883_002_Vis1AB_Home1A",57,2118712,-47.8404,383.679,-1.035753
"1883_002_Vis1AB_Home1A",57,2118762,-47.6526,385.095,-1.164207
"1883_002_Vis1AB_Home1A",57,2118812,-47.5152,386.652,-1.302747
"1883_002_Vis1AB_Home1A",57,2118862,-47.4282,388.35,-1.451376
"1883_002_Vis1AB_Home1A",57,2119862,-47.7159,386.514,5.28006
"1883_002_Vis1AB_Home1A",57,2119912,-47.7204,381.093,6.13974
"1883_002_Vis1AB_Home1A",57,2119962,-47.7348,375.723,6.94428
"1883_002_Vis1AB_Home1A",57,2120012,-47.7588,370.401,7.69359
"1883_002_Vis1AB_Home1A",57,2120062,-47.7924,365.127,8.38776
"1883_002_Vis1AB_Home1A",57,2120112,-47.8359,359.904,9.02673
"1883_002_Vis1AB_Home1A",57,2120162,-47.889,354.729,9.61053
"1883_002_Vis1AB_Home1A",57,2120212,-47.952,349.605,10.13913
"1883_002_Vis1AB_Home1A",57,2120262,-48.0243,344.529,10.61256
"1883_002_Vis1AB_Home1A",57,2120312,-48.1068,339.504,11.03082
"1883_002_Vis1AB_Home1A",57,2120362,-48.1986,334.527,11.39388
"1883_002_Vis1AB_Home1A",57,2120412,-48.3003,329.598,11.70177
"1883_002_Vis1AB_Home1A",57,2120462,-48.4116,324.72,11.95446
"1883_002_Vis1AB_Home1A",57,2120512,-48.5325,319.89,12.15198
"1883_002_Vis1AB_Home1A",57,2120562,-48.6633,315.108,12.29433
"1883_002_Vis1AB_Home1A",57,2120612,-48.804,310.377,12.38148
"1883_002_Vis1AB_Home1A",57,2120662,-48.954,305.697,12.41346
"1883_002_Vis1AB_Home1A",57,2120712,-49.1139,301.062,12.39024
"1883_002_Vis1AB_Home1A",57,2120762,-49.2834,296.4798,12.31188
"1883_002_Vis1AB_Home1A",57,2120812,-49.4628,291.9456,12.17829
"1883_002_Vis1AB_Home1A",57,2120862,-49.6518,287.4606,11.98956
"1883_002_Vis1AB_Home1A",57,2120912,-49.8504,283.0248,11.74563
"1883_002_Vis1AB_Home1A",57,2120962,-50.0589,278.6382,11.4465
"1883_002_Vis1AB_Home1A",57,2121012,-50.277,274.3011,11.0922
"1883_002_Vis1AB_Home1A",57,2121062,-50.5047,270.0129,10.68273
"1883_002_Vis1AB_Home1A",57,2121112,-50.7423,265.7739,10.21809
"1883_002_Vis1AB_Home1A",57,2121162,-50.9895,261.5844,9.69825
"1883_002_Vis1AB_Home1A",57,2121212,-51.2463,257.4438,9.12321
"1883_002_Vis1AB_Home1A",57,2121262,-51.513,253.3527,8.493
"1883_002_Vis1AB_Home1A",57,2121312,-51.7893,249.3105,7.80762
"1883_002_Vis1AB_Home1A",57,2121362,-52.0755,245.3178,7.06707
"1883_002_Vis1AB_Home1A",57,2121412,-52.371,241.3743,6.27132
"1883_002_Vis1AB_Home1A",57,2121462,-52.6767,237.48,5.4204
"1883_002_Vis1AB_Home1A",57,2121512,-52.9917,233.6349,4.51428
"1883_002_Vis1AB_Home1A",57,2121562,-53.3166,229.839,3.55299
"1883_002_Vis1AB_Home1A",57,2121612,-53.6511,226.0923,2.536515
"1883_002_Vis1AB_Home1A",57,2121662,-53.9955,222.3948,1.464864
"1883_002_Vis1AB_Home1A",57,2121712,-54.3495,218.7468,0.338022
"1883_002_Vis1AB_Home1A",57,2121762,-54.7131,215.1477,-0.843993
"1883_002_Vis1AB_Home1A",57,2121812,-55.1208,213.5421,0.779532
"1883_002_Vis1AB_Home1A",57,2121862,-55.0905,211.4154,1.354641
"1883_002_Vis1AB_Home1A",57,2121912,-55.0854,209.2488,1.847901
"1883_002_Vis1AB_Home1A",57,2121962,-55.1058,207.0426,2.259306
"1883_002_Vis1AB_Home1A",57,2122012,-55.1511,204.7968,2.588859
"1883_002_Vis1AB_Home1A",57,2122062,-55.2219,202.5111,2.836557
"1883_002_Vis1AB_Home1A",57,2122112,-55.3179,200.1855,3.0024
"1883_002_Vis1AB_Home1A",57,2122162,-55.4394,197.8203,3.0864
"1883_002_Vis1AB_Home1A",58,2162912,2.477184,53.8161,6.04497
"1883_002_Vis1AB_Home1A",58,2162962,2.190087,47.9868,5.8548
"1883_002_Vis1AB_Home1A",58,2163012,1.909287,42.2433,5.58171
"1883_002_Vis1AB_Home1A",58,2163062,1.634784,36.5862,5.22573
"1883_002_Vis1AB_Home1A",58,2163112,1.366581,31.0149,4.78683
"1883_002_Vis1AB_Home1A",58,2163162,1.104672,25.52958,4.26501
"1883_002_Vis1AB_Home1A",58,2163212,0.849063,20.13036,3.66027
"1883_002_Vis1AB_Home1A",58,2163262,0.599751,14.81721,2.972631
"1883_002_Vis1AB_Home1A",58,2163312,0.356736,9.59013,2.202078
"1883_002_Vis1AB_Home1A",58,2163362,0.1200171,4.44906,1.348611
"1883_002_Vis1AB_Home1A",58,2163412,-0.1104033,-0.605964,0.412233
"1883_002_Vis1AB_Home1A",58,2163462,-0.334527,-5.57496,-0.607065
